CREATE TABLE Users (
    userId VARCHAR(36) PRIMARY KEY,
    username VARCHAR(50) COLLATE SQL_Latin1_General_CP1_CS_AS NOT NULL,
	password VARCHAR(255) COLLATE SQL_Latin1_General_CP1_CS_AS NOT NULL,
    email VARCHAR(100) NOT NULL UNIQUE,
	bIsAdmin BIT NOT NULL DEFAULT 0,
	bIsBanned BIT NOT NULL DEFAULT 0,
	bIsMember BIT NOT NULL DEFAULT 0
);

CREATE TABLE VisitorLog (
	visitorId VARCHAR(36) PRIMARY KEY,
	userId VARCHAR(36) NOT NULL,
	visitDate DATETIME DEFAULT GETDATE(),
	FOREIGN KEY (userId) REFERENCES Users(userId)
);

CREATE TABLE IntrestTag (
    tagId VARCHAR(36) PRIMARY KEY,
    tagName VARCHAR(50) NOT NULL
);

CREATE TABLE Event (
    eventId VARCHAR(36) PRIMARY KEY,
    tagId VARCHAR(36),
    eventName VARCHAR(100),
    eventDate DATETIME DEFAULT GETDATE(),
    FOREIGN KEY (tagId) REFERENCES IntrestTag(TagId)
);

CREATE TABLE UserEvents (
    userId VARCHAR(36),
    eventId VARCHAR(36),
	PRIMARY KEY (userId, eventId),
	FOREIGN KEY (userId) REFERENCES Users(userId),
	FOREIGN KEY (eventId) REFERENCES Event(eventId)
);

CREATE TABLE UserTag (
    userId VARCHAR(36),
	tagId VARCHAR(36),
	userTagCreationDate DATETIME DEFAULT GETDATE(),
	FOREIGN KEY (userId) REFERENCES Users(userId),
	FOREIGN KEY (tagId) REFERENCES IntrestTag(tagId)
);

CREATE TABLE Admin (
    adminId VARCHAR(36) PRIMARY KEY,
    userId VARCHAR(36) NOT NULL,
    FOREIGN KEY (userId) REFERENCES Users(userId)
);

CREATE TABLE AdminRequests (
    adminRequestId VARCHAR(36) PRIMARY KEY,
    userId VARCHAR(36) NOT NULL,
	requestDescription VARCHAR(MAX) NOT NULL,
	requestTime DATETIME DEFAULT GETDATE(),
    FOREIGN KEY (userId) REFERENCES Users(userId)
);

CREATE TABLE MembershipType (
    membershipTypeId VARCHAR(36) PRIMARY KEY,
    typeName VARCHAR(100) NOT NULL,
    description TEXT,
    cost DECIMAL(10, 2) NOT NULL,
	joiningFee DECIMAL(10, 2),
    duration VARCHAR(20) NOT NULL
);

CREATE TABLE MemberBenefits (
    memberBenefitsId VARCHAR(36) PRIMARY KEY,
    benefitsDescription TEXT NOT NULL,
);

CREATE TABLE MembershipTypeBenefits (
    membershipTypeId VARCHAR(36),
	memberBenefitsId VARCHAR(36),
	PRIMARY KEY (membershipTypeId, memberBenefitsId),
	FOREIGN KEY (membershipTypeId) REFERENCES MembershipType(membershipTypeId),
	FOREIGN KEY (memberBenefitsId) REFERENCES MemberBenefits(memberBenefitsId)
);

CREATE TABLE KeyIntrest (
	intrestId VARCHAR(36) PRIMARY KEY,
	keyIntrestName VARCHAR(100) NOT NULL
);

CREATE TABLE Member (
    memberId VARCHAR(36) PRIMARY KEY,
    userId VARCHAR(36) NOT NULL,
	membershipTypeId VARCHAR(36) NOT NULL,
    FOREIGN KEY (userId) REFERENCES Users(userId),
	FOREIGN KEY (membershipTypeId) REFERENCES MembershipType(membershipTypeId),
);

CREATE TABLE UsedMemberBenefits (
    usedMemberBenefitsId VARCHAR(36) PRIMARY KEY,
    memberId VARCHAR(36) NOT NULL,
    memberBenefitsId VARCHAR(36) NOT NULL,
    usageDate DATETIME DEFAULT GETDATE(),
    FOREIGN KEY (memberId) REFERENCES Member(memberId),
    FOREIGN KEY (memberBenefitsId) REFERENCES MemberBenefits(memberBenefitsId)
);

CREATE TABLE MemberKeyIntrest (
	memberId VARCHAR(36),
	intrestId VARCHAR(36),
	memberKeyIntrestDate DATETIME DEFAULT GETDATE(),
	PRIMARY KEY (memberId, intrestId),
	FOREIGN KEY (memberId) REFERENCES Member(memberId),
	FOREIGN KEY (intrestId) REFERENCES KeyIntrest(intrestId)
);

-- Users Table Inserts
INSERT INTO Users (userId, username, password, email, bIsAdmin, bIsBanned, bIsMember)
VALUES 
    ('7E15881D-243B-49EB-8A80-EB7445F90982', 'Sahil', '111111', 'sahil@admin.com', 1, 0, 1),
    ('86C89165-9CD2-4B2D-91CB-8D19731DC5C1', 'Kai', '111111', 'kai@admin.com', 1, 0, 1),
    ('180C3802-A27A-4C7F-B60F-ED73F6E46F1F', 'Sam', '111111', 'sam@admin.com', 1, 0, 1),
    ('8B6157DF-1330-492A-A410-5A599DF91694', 'Jordan', 'Smith2103', 'jordan@example.com', 0, 0, 1),
	('F439C28D-B7A1-479E-B9FB-FE65B0CF96CD', 'Lewis', 'LewisQWERTY', 'lewis@example.com', 0, 1, 0),
    ('D46C7718-20C6-4578-B412-745CD6C42DE8', 'Taylor', 'Swift5052', 'taylor@example.com', 0, 0, 0),
	('1C55E361-A275-4ACB-996E-618D82DB58F7', 'James', 'Cathy202', 'james@example.com', 0, 0, 0),
	('8783AC43-8558-4633-93A7-3BB543504430', 'Kelly', 'Fire0200', 'kelly@example.com', 0, 0, 0)

-- VisitorLog Table Inserts
INSERT INTO VisitorLog (visitorId, userId, visitDate)
VALUES
	('D02CB543-BAA0-4F2F-9AB1-0E48962C623E', '180C3802-A27A-4C7F-B60F-ED73F6E46F1F', '2024-11-01 12:00:00'),
	('58D1F916-F418-4068-9B9F-9C04224D6220', '86C89165-9CD2-4B2D-91CB-8D19731DC5C1', '2023-10-14 18:00:00'),
	('8866FBD0-89A5-4369-AA63-CB0C3B987589', '7E15881D-243B-49EB-8A80-EB7445F90982', '2024-05-21 19:00:00'),
	('6EF67E34-F3D5-4D68-B862-1F25D3C69722', '86C89165-9CD2-4B2D-91CB-8D19731DC5C1', '2024-12-12 20:00:00'),
	('12B13097-9A1D-46DA-935D-21E84386A6A2', '7E15881D-243B-49EB-8A80-EB7445F90982', '2024-04-03 11:00:00'),
	('BBAF4752-DFB1-4FB5-A816-94C4B64F8AE4', '86C89165-9CD2-4B2D-91CB-8D19731DC5C1', '2024-02-11 08:00:00'),
	('49623CB8-D016-4772-94C8-5C99A9CE1361', '180C3802-A27A-4C7F-B60F-ED73F6E46F1F', '2024-07-13 16:00:00'),
	('F2B2229A-67F8-4AA4-86AA-300C6E5A314F', '86C89165-9CD2-4B2D-91CB-8D19731DC5C1', '2023-02-09 13:00:00'),
	('A69AA950-C0B0-4A56-B791-423B794A9CCE', '7E15881D-243B-49EB-8A80-EB7445F90982', '2022-11-25 21:00:00'),
	('BA11B49B-4D59-4FD9-B74A-68DD186F2DF8', '180C3802-A27A-4C7F-B60F-ED73F6E46F1F', '2023-06-07 15:00:00'),
	('C9E8081E-9659-40FA-B3A1-DC8AD75AE97E', '1C55E361-A275-4ACB-996E-618D82DB58F7', '2024-03-27 16:00:00'),
	('9CF6CB3B-D127-402B-A844-049CB609320E', '86C89165-9CD2-4B2D-91CB-8D19731DC5C1', '2024-08-14 22:00:00'),
	('6E71B75C-41D9-4050-BD67-3667495A3A03', '8783AC43-8558-4633-93A7-3BB543504430', '2023-12-26 14:00:00'),
	('C9A9C468-CA05-419F-A645-C85728768303', '1C55E361-A275-4ACB-996E-618D82DB58F7', '2024-03-01 12:00:00'),
	('3B5C3444-73E7-46A5-8460-EBC944B3294F', '8B6157DF-1330-492A-A410-5A599DF91694', '2024-04-16 18:00:00'),
	('79B69D18-D836-4DE2-9AA5-4EEF3A3A4F49', '8783AC43-8558-4633-93A7-3BB543504430', '2023-11-07 19:00:00'),
	('FFE80B4E-A9D7-499C-BA6E-7BEE58E9E811', '8783AC43-8558-4633-93A7-3BB543504430', '2023-01-17 20:00:00'),
	('CE0CA77B-4A0D-4A40-A93D-A46355B37AAA', '8B6157DF-1330-492A-A410-5A599DF91694', '2022-11-19 11:00:00')

-- IntrestTag Table Inserts
INSERT INTO IntrestTag (tagId, tagName)
VALUES 
    ('B2BB353B-E23C-4D22-BB49-59F271ABB740', 'Games'),
	('8781B6ED-3477-4AB3-858F-4AA2F896FFB0', 'Shopping'),
	('31E89AF4-29AF-4814-889E-8C75002EAE8E', 'Cafe'),
	('5B6D90A2-A202-42F9-8764-A72D52A3C8D6', 'Art'),
	('E3A13AEE-BAC8-45B8-A63A-D7E931CD69D1', 'Sports'),
	('A3139461-42B4-45D1-80CC-85AF1A266AD9', 'Sculpting'),
	('0FD26B2E-0012-4192-B7CD-8DFBBDB73A62', 'Networking'),
	('C4604527-63F9-48DA-A676-624649EA20A3', 'Movies'),
	('AD929823-47B4-4C59-8EAB-4AA71F1BC6FF', 'Writing'),
	('2C75402E-CB18-4BAF-8512-B6B552FFD52A', 'Singing'),
	('0876FE02-5A8B-4F4B-9F56-6AAE00F34C9B', 'Languages')

-- Event Table Inserts
INSERT INTO Event (eventId, tagId, eventName, eventDate)
VALUES
	('35DAC41D-1935-4C59-8D65-3AAF70160AA4', '0876FE02-5A8B-4F4B-9F56-6AAE00F34C9B', 'UN Arabic Language Day Celebration', '2025-02-01 16:00:00'),
	('18CDCE2D-51D0-40EB-B1B2-A7EE6B83F193', '0FD26B2E-0012-4192-B7CD-8DFBBDB73A62', 'Fresh Start Fridays: Networking', '2025-02-07 15:15:00'),
	('DE9CC693-C666-479B-9DB8-23E7BDB500BD', '2C75402E-CB18-4BAF-8512-B6B552FFD52A', 'Voice Of The Streets', '2025-03-13 18:00:00'),
	('EE419EEA-FDE3-48F6-A209-BC62D5BE2C4D', '31E89AF4-29AF-4814-889E-8C75002EAE8E', 'Repair Cafe', '2025-03-20 15:30:00'),
	('2D4DF0FD-6716-4C05-8300-5874460D8FFF', '5B6D90A2-A202-42F9-8764-A72D52A3C8D6', 'Art Gathering', '2025-04-01 12:00:00'),
	('3B5B86E7-FD94-4B58-A979-108A2C7A92E6', '8781B6ED-3477-4AB3-858F-4AA2F896FFB0', 'Amayi Rose Pop-Up Shop', '2025-04-11 13:45:00'),
	('1DB76FF7-3439-446D-9B38-D5568661DCA1', 'A3139461-42B4-45D1-80CC-85AF1A266AD9', 'Shrine Making', '2025-04-22 18:30:00'),
	('289AE90B-55B0-4A99-814A-8B3DA809A432', 'AD929823-47B4-4C59-8EAB-4AA71F1BC6FF', 'Turn Up And Write', '2025-05-03 20:00:00'),
	('D56F67D1-F526-4505-B453-7B9EE353B8AF', 'B2BB353B-E23C-4D22-BB49-59F271ABB740', 'Happy Board Game Hour', '2025-05-11 16:00:00'),
	('9716B50E-E259-4B19-AE14-0649C5C6B1C8', 'C4604527-63F9-48DA-A676-624649EA20A3', 'Makani Movie Night', '2025-05-21 21:00:00'),
	('E2A65258-2C6F-456A-9FA1-247E24031077', 'E3A13AEE-BAC8-45B8-A63A-D7E931CD69D1', 'Mindful Kick Boxing', '2025-05-25 18:30:00'),
	('5B83B8EC-62D6-49C0-83E1-7C250801C305', '5B6D90A2-A202-42F9-8764-A72D52A3C8D6', 'Street Art', '2025-06-01 14:00:00'),
	('8974FB33-42FD-43AC-B21E-97AFF8C964B9', '0876FE02-5A8B-4F4B-9F56-6AAE00F34C9B', 'French Language Learning', '2025-06-09 17:00:00'),
	('6C5286D2-4ACD-476B-985F-8F5E3319E9BF', '2C75402E-CB18-4BAF-8512-B6B552FFD52A', 'Opera Night', '2025-06-11 22:00:00'),
	('0EB419E6-2727-4246-9366-E11C42DFEB3E', 'E3A13AEE-BAC8-45B8-A63A-D7E931CD69D1', 'Football Watch Along Night', '2025-06-21 20:00:00'),
	('B3B25686-0946-46D3-BEFD-70D5EBE954F4', 'B2BB353B-E23C-4D22-BB49-59F271ABB740', 'Chess Competition', '2025-07-01 18:00:00'),
	('DCF6D222-45CC-400C-8E0A-7A6F68F097AF', '5B6D90A2-A202-42F9-8764-A72D52A3C8D6', 'Painting Wildlife', '2025-07-09 14:30:00'),
	('034C6C04-9CF4-427F-A349-36DD69E264C1', '31E89AF4-29AF-4814-889E-8C75002EAE8E', 'Maid Cafe Night', '2025-07-23 21:30:00'),
	('24F62F5B-94AF-48C9-BA37-DA9EDC68F64B', 'C4604527-63F9-48DA-A676-624649EA20A3', 'Shrek Movie Night', '2025-08-01 20:00:00')

-- UserEvent Table Inserts
INSERT INTO UserEvents (userId, eventId)
VALUES
    ('7E15881D-243B-49EB-8A80-EB7445F90982', '034C6C04-9CF4-427F-A349-36DD69E264C1'),
    ('7E15881D-243B-49EB-8A80-EB7445F90982', '1DB76FF7-3439-446D-9B38-D5568661DCA1'),
    ('7E15881D-243B-49EB-8A80-EB7445F90982', '2D4DF0FD-6716-4C05-8300-5874460D8FFF'),
    ('7E15881D-243B-49EB-8A80-EB7445F90982', '9716B50E-E259-4B19-AE14-0649C5C6B1C8'),
    ('180C3802-A27A-4C7F-B60F-ED73F6E46F1F', '034C6C04-9CF4-427F-A349-36DD69E264C1'),
    ('180C3802-A27A-4C7F-B60F-ED73F6E46F1F', 'DCF6D222-45CC-400C-8E0A-7A6F68F097AF'),
    ('180C3802-A27A-4C7F-B60F-ED73F6E46F1F', '5B83B8EC-62D6-49C0-83E1-7C250801C305'),
    ('86C89165-9CD2-4B2D-91CB-8D19731DC5C1', '1DB76FF7-3439-446D-9B38-D5568661DCA1'),
    ('86C89165-9CD2-4B2D-91CB-8D19731DC5C1', '034C6C04-9CF4-427F-A349-36DD69E264C1'),
    ('86C89165-9CD2-4B2D-91CB-8D19731DC5C1', '24F62F5B-94AF-48C9-BA37-DA9EDC68F64B'),
    ('86C89165-9CD2-4B2D-91CB-8D19731DC5C1', '3B5B86E7-FD94-4B58-A979-108A2C7A92E6'),
    ('86C89165-9CD2-4B2D-91CB-8D19731DC5C1', '6C5286D2-4ACD-476B-985F-8F5E3319E9BF')

-- UserTag Table Inserts 
INSERT INTO UserTag (userId, tagId)
VALUES
    ('7E15881D-243B-49EB-8A80-EB7445F90982', '31E89AF4-29AF-4814-889E-8C75002EAE8E'),
    ('7E15881D-243B-49EB-8A80-EB7445F90982', 'A3139461-42B4-45D1-80CC-85AF1A266AD9'),
    ('7E15881D-243B-49EB-8A80-EB7445F90982', '5B6D90A2-A202-42F9-8764-A72D52A3C8D6'),
    ('7E15881D-243B-49EB-8A80-EB7445F90982', 'C4604527-63F9-48DA-A676-624649EA20A3'),
    ('180C3802-A27A-4C7F-B60F-ED73F6E46F1F', '31E89AF4-29AF-4814-889E-8C75002EAE8E'),
    ('180C3802-A27A-4C7F-B60F-ED73F6E46F1F', '5B6D90A2-A202-42F9-8764-A72D52A3C8D6'),
    ('180C3802-A27A-4C7F-B60F-ED73F6E46F1F', '5B6D90A2-A202-42F9-8764-A72D52A3C8D6'),
    ('86C89165-9CD2-4B2D-91CB-8D19731DC5C1', 'A3139461-42B4-45D1-80CC-85AF1A266AD9'),
    ('86C89165-9CD2-4B2D-91CB-8D19731DC5C1', '31E89AF4-29AF-4814-889E-8C75002EAE8E'),
    ('86C89165-9CD2-4B2D-91CB-8D19731DC5C1', 'C4604527-63F9-48DA-A676-624649EA20A3'),
    ('86C89165-9CD2-4B2D-91CB-8D19731DC5C1', '8781B6ED-3477-4AB3-858F-4AA2F896FFB0'),
    ('86C89165-9CD2-4B2D-91CB-8D19731DC5C1', '2C75402E-CB18-4BAF-8512-B6B552FFD52A')

-- Admin Table Inserts
INSERT INTO Admin (adminId, userId)
VALUES
    ('385F047E-2575-49F6-8600-ADBBE1ADB244', (SELECT userId FROM Users WHERE username = 'Sahil')),
    ('0ECD7803-3956-4075-B3BA-ECAAC40275ED', (SELECT userId FROM Users WHERE username = 'Kai')),
    ('24B25A5F-A6EB-47E6-A2EC-F27412054145', (SELECT userId FROM Users WHERE username = 'Sam'))

-- AdminRequests Table Inserts
INSERT INTO AdminRequests (adminRequestId, userId, requestDescription)
VALUES
    ('C5A2D5EA-2A8C-4B8F-ABC3-5962454B1507', '1C55E361-A275-4ACB-996E-618D82DB58F7', 'Request to become a member.'),
	('71FBCDD2-9E77-4EE7-9A73-EE78DCAA1AD5', '8783AC43-8558-4633-93A7-3BB543504430', 'Request to become a member.')

-- MembershipType Table Inserts
INSERT INTO MembershipType(membershipTypeId, typeName, description, cost, joiningFee, duration)
VALUES
    ('51B6C680-EFBC-4AFC-B499-CDAEA034E3CA', 'Community', 'Basic membership.', 18.50, 00.00, 'MONTH'),
	('ED3CAFD8-020C-479D-95D3-DD9A7AACC40F', 'KeyAccess', 'Basic membership with key access.', 45.00, 100.00, 'MONTH'),
	('7505CC85-23CA-4538-84CC-D13CB5FED5A3', 'WorkplacePart-Time', 'Workplace part-time membership.', 70.00, 100.00, 'MONTH'),
	('E551B104-A0B0-42A6-9941-EFF8B005E549', 'WorkplaceFull-Time', 'Workplace full-time membership.', 100.00, 100.00, 'MONTH'),
	('A7576A23-EEAA-435D-8D0B-E5670913F26B', 'Student', 'Student membership.', 00.00, 00.00, 'MONTH'),
	('B59331CE-F435-4589-A158-2D561145082D', 'SmallBusiness', 'Businesses less than 20 people.', 375.00, 00.00, 'MONTH'),
	('160175F1-F38F-4436-9D61-0A9F3D144D07', 'MediumBusiness', 'Businesses with 21 - 50 people.', 750.00, 00.00, 'MONTH'),
	('278AA19B-44A9-4282-8D8B-9AE4A16B462F', 'LargeBusiness', 'Businesses with more than 50 people.', 1500.00, 00.00, 'MONTH'),
	('3BBF0AF3-7F8F-49F0-90C1-EC91DBBDF2E1', 'SmallNon-Profit', 'Non-Profit with less than 100 people.', 375.00, 00.00, 'MONTH'),
	('135BAC11-6DBA-4561-981A-9A32AF7A3974', 'LargeNon-Profit', 'Non-Profit greater than 100 people.', 750.00, 00.00, 'MONTH')

-- MemberBenefits Table Inserts
INSERT INTO MemberBenefits (memberBenefitsId, benefitsDescription)
VALUES 
    ('42BC41E5-B934-4BF4-A5CB-4151DBA0BC63', 'Free or Discounted tickets to all events.'),
	('0E7438AC-241D-4A62-A998-39AE3ED2A8C0', 'Collaborative and creative skills development workshops.'),
	('208922D7-5BBB-4B4C-A7CF-B095ABD2CC18', 'Participation in the annual Citizens’ Studio.'),
	('19453026-4D9D-421C-AAA6-4EFCE1E02100', 'A voice in decision about new social enterprises developed in Together Culture’s incubator.'),
	('FFD8B9F5-E29A-4D03-A8F6-FE2785AF4261', 'Access to the space.'),
	('2B8E6F74-7392-4B2F-939F-67FB339F7BF2', '24/7 access to Together Culture Fitzroy.'),
	('22B45B1C-6BB6-423C-9F9B-13EA835557F1', 'A dedicated workspace and storage space.'),
	('A222DA79-C9AB-4EBC-8EBA-2F325C59C6F0', 'A cohort of Workspace Members with which to build collaborative relationships.'),
	('D67BFD1D-5351-4DC6-8B53-65799EC3D38D', 'Part-Time access to Together Culture Fitzroy.'),
	('EAAAEBCE-4420-42B8-992E-D7000173B26D', '3 inclusive spaces in all Together Culture events, workshops and courses.'),
	('FC803E66-F951-4614-A503-0072D7E43E27', '25% discount on access to events, workshops, and courses for the rest of your team.'),
	('0038E240-85AA-4EB0-9D23-45695972A8F8', '3 passes to use Fitzroy Street during opening hours.'),
	('92667BAE-6738-420F-952F-32B28DB8A3BD', '25% discount on Together Culture co-creation, facilitation, marketing, and team building serviceS.'),
	('A198779D-7284-48EF-9A94-D7F67B82E7E4', 'Name credit on our supporters’ page on our website and in our annual yearbook.'),
	('F6C91F15-5B64-4AC6-9BCC-2A73D1F5D61D', '5 inclusive spaces in all Together Culture events, workshops and courses.'),
	('A98BF2F6-0D68-4380-A476-2D7235BA7EFC', '5 passes to use Fitzroy Street during opening hours.'),
	('4D58EEC5-92D5-4A38-A5BB-BA6967DA1033', '10 inclusive spaces in all Together Culture events, workshops and courses.'),
	('44827D57-D071-4D1A-B763-3B3208BFB02B', '10 passes to use Fitzroy Street during opening hours.')

-- MembershipTypeBenefits Table Inserts
INSERT INTO MembershipTypeBenefits (membershipTypeId, memberBenefitsId)
VALUES 
	-- Community
    ('51B6C680-EFBC-4AFC-B499-CDAEA034E3CA', '42BC41E5-B934-4BF4-A5CB-4151DBA0BC63'),
	('51B6C680-EFBC-4AFC-B499-CDAEA034E3CA', '0E7438AC-241D-4A62-A998-39AE3ED2A8C0'),
	('51B6C680-EFBC-4AFC-B499-CDAEA034E3CA', '208922D7-5BBB-4B4C-A7CF-B095ABD2CC18'),
	('51B6C680-EFBC-4AFC-B499-CDAEA034E3CA', '19453026-4D9D-421C-AAA6-4EFCE1E02100'),
	('51B6C680-EFBC-4AFC-B499-CDAEA034E3CA', 'FFD8B9F5-E29A-4D03-A8F6-FE2785AF4261'),

	-- Student
	('A7576A23-EEAA-435D-8D0B-E5670913F26B', '42BC41E5-B934-4BF4-A5CB-4151DBA0BC63'),
	('A7576A23-EEAA-435D-8D0B-E5670913F26B', '0E7438AC-241D-4A62-A998-39AE3ED2A8C0'),
	('A7576A23-EEAA-435D-8D0B-E5670913F26B', '208922D7-5BBB-4B4C-A7CF-B095ABD2CC18'),
	('A7576A23-EEAA-435D-8D0B-E5670913F26B', '19453026-4D9D-421C-AAA6-4EFCE1E02100'),
	('A7576A23-EEAA-435D-8D0B-E5670913F26B', 'FFD8B9F5-E29A-4D03-A8F6-FE2785AF4261'),

	-- Key Access
	('ED3CAFD8-020C-479D-95D3-DD9A7AACC40F', '42BC41E5-B934-4BF4-A5CB-4151DBA0BC63'),
	('ED3CAFD8-020C-479D-95D3-DD9A7AACC40F', '0E7438AC-241D-4A62-A998-39AE3ED2A8C0'),
	('ED3CAFD8-020C-479D-95D3-DD9A7AACC40F', '208922D7-5BBB-4B4C-A7CF-B095ABD2CC18'),
	('ED3CAFD8-020C-479D-95D3-DD9A7AACC40F', '19453026-4D9D-421C-AAA6-4EFCE1E02100'),
	('ED3CAFD8-020C-479D-95D3-DD9A7AACC40F', '2B8E6F74-7392-4B2F-939F-67FB339F7BF2'),

	-- WorkplacePart-Time
	('7505CC85-23CA-4538-84CC-D13CB5FED5A3', '42BC41E5-B934-4BF4-A5CB-4151DBA0BC63'),
	('7505CC85-23CA-4538-84CC-D13CB5FED5A3', '0E7438AC-241D-4A62-A998-39AE3ED2A8C0'),
	('7505CC85-23CA-4538-84CC-D13CB5FED5A3', '208922D7-5BBB-4B4C-A7CF-B095ABD2CC18'),
	('7505CC85-23CA-4538-84CC-D13CB5FED5A3', '19453026-4D9D-421C-AAA6-4EFCE1E02100'),
	('7505CC85-23CA-4538-84CC-D13CB5FED5A3', '2B8E6F74-7392-4B2F-939F-67FB339F7BF2'),
	('7505CC85-23CA-4538-84CC-D13CB5FED5A3', '22B45B1C-6BB6-423C-9F9B-13EA835557F1'),
	('7505CC85-23CA-4538-84CC-D13CB5FED5A3', 'A222DA79-C9AB-4EBC-8EBA-2F325C59C6F0'),

	-- WorkplaceFull-Time
	('E551B104-A0B0-42A6-9941-EFF8B005E549', '42BC41E5-B934-4BF4-A5CB-4151DBA0BC63'),
	('E551B104-A0B0-42A6-9941-EFF8B005E549', '0E7438AC-241D-4A62-A998-39AE3ED2A8C0'),
	('E551B104-A0B0-42A6-9941-EFF8B005E549', '208922D7-5BBB-4B4C-A7CF-B095ABD2CC18'),
	('E551B104-A0B0-42A6-9941-EFF8B005E549', '19453026-4D9D-421C-AAA6-4EFCE1E02100'),
	('E551B104-A0B0-42A6-9941-EFF8B005E549', '2B8E6F74-7392-4B2F-939F-67FB339F7BF2'),
	('E551B104-A0B0-42A6-9941-EFF8B005E549', '22B45B1C-6BB6-423C-9F9B-13EA835557F1'),
	('E551B104-A0B0-42A6-9941-EFF8B005E549', 'A222DA79-C9AB-4EBC-8EBA-2F325C59C6F0'),

	-- SmallBusiness
	('B59331CE-F435-4589-A158-2D561145082D', 'EAAAEBCE-4420-42B8-992E-D7000173B26D'),
	('B59331CE-F435-4589-A158-2D561145082D', 'FC803E66-F951-4614-A503-0072D7E43E27'),
	('B59331CE-F435-4589-A158-2D561145082D', '0038E240-85AA-4EB0-9D23-45695972A8F8'),
	('B59331CE-F435-4589-A158-2D561145082D', '92667BAE-6738-420F-952F-32B28DB8A3BD'),
	('B59331CE-F435-4589-A158-2D561145082D', 'A198779D-7284-48EF-9A94-D7F67B82E7E4'),

	-- MediumBusiness
	('160175F1-F38F-4436-9D61-0A9F3D144D07', 'F6C91F15-5B64-4AC6-9BCC-2A73D1F5D61D'),
	('160175F1-F38F-4436-9D61-0A9F3D144D07', 'A98BF2F6-0D68-4380-A476-2D7235BA7EFC'),
	('160175F1-F38F-4436-9D61-0A9F3D144D07', 'FC803E66-F951-4614-A503-0072D7E43E27'),
	('160175F1-F38F-4436-9D61-0A9F3D144D07', '92667BAE-6738-420F-952F-32B28DB8A3BD'),
	('160175F1-F38F-4436-9D61-0A9F3D144D07', 'A198779D-7284-48EF-9A94-D7F67B82E7E4'),
	
	-- LargeBusiness
	('278AA19B-44A9-4282-8D8B-9AE4A16B462F', '4D58EEC5-92D5-4A38-A5BB-BA6967DA1033'),
	('278AA19B-44A9-4282-8D8B-9AE4A16B462F', 'FC803E66-F951-4614-A503-0072D7E43E27'),
	('278AA19B-44A9-4282-8D8B-9AE4A16B462F', '44827D57-D071-4D1A-B763-3B3208BFB02B'),
	('278AA19B-44A9-4282-8D8B-9AE4A16B462F', '92667BAE-6738-420F-952F-32B28DB8A3BD'),
	('278AA19B-44A9-4282-8D8B-9AE4A16B462F', 'A198779D-7284-48EF-9A94-D7F67B82E7E4'),

	-- SmallNon-Profit
	('3BBF0AF3-7F8F-49F0-90C1-EC91DBBDF2E1', 'F6C91F15-5B64-4AC6-9BCC-2A73D1F5D61D'),
	('3BBF0AF3-7F8F-49F0-90C1-EC91DBBDF2E1', 'FC803E66-F951-4614-A503-0072D7E43E27'),
	('3BBF0AF3-7F8F-49F0-90C1-EC91DBBDF2E1', 'A98BF2F6-0D68-4380-A476-2D7235BA7EFC'),
	('3BBF0AF3-7F8F-49F0-90C1-EC91DBBDF2E1', '92667BAE-6738-420F-952F-32B28DB8A3BD'),
	('3BBF0AF3-7F8F-49F0-90C1-EC91DBBDF2E1', 'A198779D-7284-48EF-9A94-D7F67B82E7E4'),

	-- LargeNon-Profit
	('135BAC11-6DBA-4561-981A-9A32AF7A3974', '4D58EEC5-92D5-4A38-A5BB-BA6967DA1033'),
	('135BAC11-6DBA-4561-981A-9A32AF7A3974', 'FC803E66-F951-4614-A503-0072D7E43E27'),
	('135BAC11-6DBA-4561-981A-9A32AF7A3974', '44827D57-D071-4D1A-B763-3B3208BFB02B'),
	('135BAC11-6DBA-4561-981A-9A32AF7A3974', '92667BAE-6738-420F-952F-32B28DB8A3BD'),
	('135BAC11-6DBA-4561-981A-9A32AF7A3974', 'A198779D-7284-48EF-9A94-D7F67B82E7E4')


-- KeyIntrest Table Inserts
INSERT INTO KeyIntrest(intrestId, keyIntrestName)
VALUES
    ('E632BE72-000B-4CEA-9D3E-1CDBE839BD5B', 'Sharing'),
	('AC42A1B9-9B24-4172-9EC6-89D0F13F19C0', 'Learning'),
	('9B64F4C1-4F8D-4317-A48A-09A562A16740', 'Working'),
	('5C40A6B1-E3BF-42A0-AF53-AC077AF4DFA7', 'Caring'),
	('D1CEB407-55CB-45DE-87D4-B7D40CD6EA0A', 'Happening')
	
-- Member Table Inserts
INSERT INTO Member(memberId, userId, membershipTypeId)
VALUES
    ('91DC41C2-B596-4D0A-9A08-F2C97F2A713C', '180C3802-A27A-4C7F-B60F-ED73F6E46F1F', 'A7576A23-EEAA-435D-8D0B-E5670913F26B'),
	('618AEABA-FF94-4F97-B7C7-7CA13ADB2F97', '7E15881D-243B-49EB-8A80-EB7445F90982', '278AA19B-44A9-4282-8D8B-9AE4A16B462F'),
	('59347610-2E3C-4F18-99E2-D3B5089DB88E', '86C89165-9CD2-4B2D-91CB-8D19731DC5C1', '135BAC11-6DBA-4561-981A-9A32AF7A3974'),
    ('2C3EAB65-9C4C-46E3-9DF1-2747FF58D026', '8B6157DF-1330-492A-A410-5A599DF91694', '51B6C680-EFBC-4AFC-B499-CDAEA034E3CA')

-- UsedMemberBenefits Table Inserts
INSERT INTO UsedMemberBenefits(usedMemberBenefitsId, memberId, memberBenefitsId)
VALUES
	-- Sahil
    ('DA999CC4-FE65-47F4-A184-CEB0631436E8', '618AEABA-FF94-4F97-B7C7-7CA13ADB2F97', '44827D57-D071-4D1A-B763-3B3208BFB02B'),
	('D4B376BF-37A4-49A6-94CE-F841461BF32D', '618AEABA-FF94-4F97-B7C7-7CA13ADB2F97', '4D58EEC5-92D5-4A38-A5BB-BA6967DA1033'),
	('5AD94D46-7F56-4259-BA4F-A6A33D205D53', '618AEABA-FF94-4F97-B7C7-7CA13ADB2F97', '92667BAE-6738-420F-952F-32B28DB8A3BD'),
	-- Kai
    ('404A3AAC-E582-4A19-AF9E-D856689C4E12', '59347610-2E3C-4F18-99E2-D3B5089DB88E', 'A198779D-7284-48EF-9A94-D7F67B82E7E4'),
	('C6276D24-93B3-45C2-83D5-9391CBA2C8D3', '59347610-2E3C-4F18-99E2-D3B5089DB88E', '92667BAE-6738-420F-952F-32B28DB8A3BD'),
	('A331F0C8-1F3B-4A61-8C4C-0C37F7D95665', '59347610-2E3C-4F18-99E2-D3B5089DB88E', '4D58EEC5-92D5-4A38-A5BB-BA6967DA1033'),
	-- Sam
    ('21A657AC-4AB5-45B7-B851-5263D8892176', '91DC41C2-B596-4D0A-9A08-F2C97F2A713C', '208922D7-5BBB-4B4C-A7CF-B095ABD2CC18'),
	('C2725E1A-EF59-43BE-9FD9-20C2FB422157', '91DC41C2-B596-4D0A-9A08-F2C97F2A713C', '42BC41E5-B934-4BF4-A5CB-4151DBA0BC63'),
	-- Jordan
    ('B5D0093C-9202-4670-BF0D-1C7F1F830F1A', '2C3EAB65-9C4C-46E3-9DF1-2747FF58D026', '0E7438AC-241D-4A62-A998-39AE3ED2A8C0'),
	('ED4CB1AB-6FB5-45AA-BDD1-3023F9813F02', '2C3EAB65-9C4C-46E3-9DF1-2747FF58D026', '19453026-4D9D-421C-AAA6-4EFCE1E02100'),
	('5F1F2660-EC1F-44E6-9309-0B57492F587D', '2C3EAB65-9C4C-46E3-9DF1-2747FF58D026', '208922D7-5BBB-4B4C-A7CF-B095ABD2CC18'),
	('9419932A-F3C1-49EA-B25C-BEFAA7F6E127', '2C3EAB65-9C4C-46E3-9DF1-2747FF58D026', '42BC41E5-B934-4BF4-A5CB-4151DBA0BC63')


SELECT * FROM Users
SELECT * FROM VisitorLog
SELECT * FROM IntrestTag
SELECT * FROM Event
SELECT * FROM UserEvents
SELECT * FROM UserTag

SELECT * FROM Admin
SELECT * FROM AdminRequests

SELECT * FROM MembershipType
SELECT * FROM MemberBenefits
SELECT * FROM MembershipTypeBenefits
SELECT * FROM KeyIntrest
SELECT * FROM Member
SELECT * FROM UsedMemberBenefits
SELECT * FROM MemberKeyIntrest
