CREATE TABLE Users (
    userId VARCHAR(36) PRIMARY KEY,
    username VARCHAR(50) COLLATE SQL_Latin1_General_CP1_CS_AS NOT NULL UNIQUE,
	password VARCHAR(255) COLLATE SQL_Latin1_General_CP1_CS_AS NOT NULL,
    email VARCHAR(100) NOT NULL UNIQUE,
	bIsAdmin BIT NOT NULL DEFAULT 0,
	bIsBanned BIT NOT NULL DEFAULT 0,
	bIsMember BIT NOT NULL DEFAULT 0
);

CREATE TABLE ChatLogs (
    chatId VARCHAR(36) PRIMARY KEY,
	userId VARCHAR(36) NOT NULL,
	chatMessage VARCHAR(250) NOT NULL,
	chatDateTime DATETIME DEFAULT GETDATE(),
	FOREIGN KEY (userId) REFERENCES Users(userId)
);

CREATE TABLE VisitorLog (
	visitorId VARCHAR(36) PRIMARY KEY,
	userId VARCHAR(36) NOT NULL,
	visitDate DATETIME DEFAULT GETDATE(),
	FOREIGN KEY (userId) REFERENCES Users(userId)
);

CREATE TABLE IntrestTag (
    tagId VARCHAR(36) PRIMARY KEY,
    tagName VARCHAR(50) NOT NULL
);

CREATE TABLE Event (
    eventId VARCHAR(36) PRIMARY KEY,
    tagId VARCHAR(36),
    eventName VARCHAR(100),
    eventDate DATETIME DEFAULT GETDATE(),
    FOREIGN KEY (tagId) REFERENCES IntrestTag(TagId)
);

CREATE TABLE UserEvents (
    userId VARCHAR(36),
    eventId VARCHAR(36),
	PRIMARY KEY (userId, eventId),
	FOREIGN KEY (userId) REFERENCES Users(userId),
	FOREIGN KEY (eventId) REFERENCES Event(eventId)
);

CREATE TABLE DigitalContentModule (
    digitalContentModuleId VARCHAR(36) PRIMARY KEY,
    tagId VARCHAR(36),
    moduleName VARCHAR(100),
    FOREIGN KEY (tagId) REFERENCES IntrestTag(TagId)
);

CREATE TABLE UserDigitalContentModule (
    userId VARCHAR(36),
    digitalContentModuleId VARCHAR(36),
	moduleDateBooked DATETIME DEFAULT GETDATE(),
	FOREIGN KEY (userId) REFERENCES Users(userId),
	FOREIGN KEY (digitalContentModuleId) REFERENCES DigitalContentModule (digitalContentModuleId)
);

CREATE TABLE UserTag (
    userId VARCHAR(36),
	tagId VARCHAR(36),
	userTagCreationDate DATETIME DEFAULT GETDATE(),
	FOREIGN KEY (userId) REFERENCES Users(userId),
	FOREIGN KEY (tagId) REFERENCES IntrestTag(tagId)
);

CREATE TABLE Admin (
    adminId VARCHAR(36) PRIMARY KEY,
    userId VARCHAR(36) NOT NULL,
    FOREIGN KEY (userId) REFERENCES Users(userId)
);

CREATE TABLE AdminRequests (
    adminRequestId VARCHAR(36) PRIMARY KEY,
    userId VARCHAR(36) NOT NULL,
	requestDescription VARCHAR(MAX) NOT NULL,
	requestTime DATETIME DEFAULT GETDATE(),
    FOREIGN KEY (userId) REFERENCES Users(userId)
);

CREATE TABLE MembershipType (
    membershipTypeId VARCHAR(36) PRIMARY KEY,
    typeName VARCHAR(100) NOT NULL,
    description TEXT,
    cost DECIMAL(10, 2) NOT NULL,
	joiningFee DECIMAL(10, 2),
    duration VARCHAR(20) NOT NULL
);

CREATE TABLE MemberBenefits (
    memberBenefitsId VARCHAR(36) PRIMARY KEY,
    benefitsDescription TEXT NOT NULL,
);

CREATE TABLE MembershipTypeBenefits (
    membershipTypeId VARCHAR(36),
	memberBenefitsId VARCHAR(36),
	PRIMARY KEY (membershipTypeId, memberBenefitsId),
	FOREIGN KEY (membershipTypeId) REFERENCES MembershipType(membershipTypeId),
	FOREIGN KEY (memberBenefitsId) REFERENCES MemberBenefits(memberBenefitsId)
);

CREATE TABLE KeyIntrest (
	intrestId VARCHAR(36) PRIMARY KEY,
	keyIntrestName VARCHAR(100) NOT NULL
);

CREATE TABLE Member (
    memberId VARCHAR(36) PRIMARY KEY,
    userId VARCHAR(36) NOT NULL,
	membershipTypeId VARCHAR(36) NOT NULL,
    FOREIGN KEY (userId) REFERENCES Users(userId),
	FOREIGN KEY (membershipTypeId) REFERENCES MembershipType(membershipTypeId)
);

CREATE TABLE UsedMemberBenefits (
    usedMemberBenefitsId VARCHAR(36) PRIMARY KEY,
    memberId VARCHAR(36) NOT NULL,
    memberBenefitsId VARCHAR(36) NOT NULL,
    usageDate DATETIME DEFAULT GETDATE(),
    FOREIGN KEY (memberId) REFERENCES Member(memberId),
    FOREIGN KEY (memberBenefitsId) REFERENCES MemberBenefits(memberBenefitsId)
);

CREATE TABLE MemberKeyIntrest (
	memberId VARCHAR(36),
	intrestId VARCHAR(36),
	memberKeyIntrestDate DATETIME DEFAULT GETDATE(),
	PRIMARY KEY (memberId, intrestId),
	FOREIGN KEY (memberId) REFERENCES Member(memberId),
	FOREIGN KEY (intrestId) REFERENCES KeyIntrest(intrestId)
);

-- Users Table Inserts
INSERT INTO Users (userId, username, password, email, bIsAdmin, bIsBanned, bIsMember)
VALUES 
    ('7E15881D-243B-49EB-8A80-EB7445F90982', 'Sahil', '111111', 'sahil@admin.com', 1, 0, 1),
    ('86C89165-9CD2-4B2D-91CB-8D19731DC5C1', 'Kai', '111111', 'kai@admin.com', 1, 0, 1),
    ('180C3802-A27A-4C7F-B60F-ED73F6E46F1F', 'Sam', '111111', 'sam@admin.com', 1, 0, 1),
    ('8B6157DF-1330-492A-A410-5A599DF91694', 'Jordan', 'Smith2103', 'jordan@example.com', 0, 0, 1),
    ('F439C28D-B7A1-479E-B9FB-FE65B0CF96CD', 'Lewis', 'LewisQWERTY', 'lewis@example.com', 0, 1, 0),
    ('D46C7718-20C6-4578-B412-745CD6C42DE8', 'Taylor', 'Swift5052', 'taylor@example.com', 0, 0, 0),
    ('1C55E361-A275-4ACB-996E-618D82DB58F7', 'James', 'Cathy202', 'james@example.com', 0, 0, 0),
    ('8783AC43-8558-4633-93A7-3BB543504430', 'Kelly', 'Fire0200', 'kelly@example.com', 0, 0, 0),
    ('C25B9B84-8D52-49F3-92D4-7AB9A53F9D7F', 'Alice', 'Alice123', 'alice@example.com', 0, 0, 1),
    ('1A73B05D-9A98-4C6E-9C06-4BDA1946D810', 'Bob', 'Bob456', 'bob@example.com', 0, 0, 1),
    ('58D48912-5245-4F35-888C-DF9DCC8F7C73', 'Eve', 'Eve789', 'eve@example.com', 0, 0, 1),
    ('D74B6E30-2126-41E5-B5C0-89029E61F018', 'Tom', 'Tom246', 'tom@example.com', 0, 0, 1),
    ('D80C2C1C-5F28-4B70-A124-B4A0B8EC8B25', 'Nina', 'Nina258', 'nina@example.com', 0, 0, 1),
    ('EE43B447-0A0C-44DA-96F1-EC2F9D6C6F6B', 'Croplles', 'Croplles123', 'Croplles@example.com', 0, 1, 0),
    ('C66FDD4A-83B1-450A-A6C2-19D0E6705A71', 'Floprioe', 'Floprioe345', 'Floprioe@example.com', 0, 1, 0),
    ('58013A24-130C-42CA-A62D-01F832B19F5B', 'Opriki', 'Opriki4546', 'Opriki@example.com', 0, 1, 0),
    ('9E20D784-86B6-4B28-BF6A-5A1AC0297078', 'Zimroski', 'Zimroski453', 'Zimroski@example.com', 0, 1, 0),
    ('E8458D4F-B1F2-4567-A68C-318687340E4D', 'Hollyjog', 'Hollyjog5335', 'Hollyjog@example.com', 0, 1, 0),
    ('A7109FB1-4C70-469C-8A18-BE12F0A28DC4', 'Kalo', 'Kalo123', 'kalo@example.com', 0, 0, 0),
    ('B290D4A7-410F-4DFF-9D92-68D91F4F9AE2', 'Koqui', 'Koqui2231', 'koqui@example.com', 0, 0, 0),
    ('9ABBB1D9-BC55-4065-B57F-9F2F5286D71A', 'Chris', 'Chris012', 'chris@example.com', 0, 0, 0),
    ('A2E62AE9-BDF0-4FB0-83D4-310C5481B518', 'Olivia', 'Olivia753', 'olivia@example.com', 0, 0, 0),
    ('6C9E225B-F343-4AA9-9ED0-96DC39B60D63', 'David', 'David999', 'david@example.com', 0, 0, 0),
    ('9736C5B0-8319-42EC-9578-08BC44B3A003', 'Sophia', 'Sophia321', 'sophia@example.com', 0, 0, 0),
    ('14D0D240-5E29-462D-9353-90DE4BBF2F4B', 'Michael', 'Michael987', 'michael@example.com', 0, 0, 0),
    ('3E6291F2-7408-4A47-8B4C-1A4C41B4A3D9', 'Olga', 'Olga123', 'olga@example.com', 0, 0, 0),
    ('BD8390E6-6D25-474C-9283-3F0A97994A3C', 'Ben', 'Ben654', 'ben@example.com', 0, 0, 0),
    ('4B48A931-8C2D-45F9-9E34-DFE5A8C9D5E4', 'Mia', 'Mia321', 'mia@example.com', 0, 0, 0),
    ('3A8E32F6-DC6D-4515-97B6-1DA1BEF3BC5F', 'John', 'John246', 'john@example.com', 0, 0, 0),
    ('58C8309A-A7F4-4D6A-A1D9-F0A0A35F678B', 'Eva', 'Eva789', 'eva@example.com', 0, 0, 0),
    ('8BE0C5B9-7F1E-437A-A34A-029A2B303982', 'Lucas', 'Lucas159', 'lucas@example.com', 0, 0, 0),
    ('C8D82F78-ED1C-4C0F-B0B2-FDB9A263A6D0', 'Zoeling', 'Zoeling3434', 'zoeling@example.com', 0, 0, 1),
    ('D44B0E1D-FEF3-4D31-888D-27840E42B81B', 'Jasmine', 'Jasmine987', 'jasmine@example.com', 0, 0, 1),
    ('15A5D60E-6018-4535-875F-400F789F3644', 'Ryan', 'Ryan567', 'ryan@example.com', 0, 0, 1),
    ('91E8C61D-4B12-4C29-9A2E-F35F23469E78', 'Charlotte', 'Charlotte123', 'charlotte@example.com', 0, 0, 1),
    ('48F55F13-280D-4AB7-BBD2-3F1F907157E0', 'Adam', 'Adam789', 'adam@example.com', 0, 0, 1),
    ('9A7562FE-5123-4A98-A57B-535B2E64C944', 'Ella', 'Ella321', 'ella@example.com', 0, 0, 1),
    ('99F9ECF1-1BE3-4B9D-8351-46BCE8E8974F', 'Mason', 'Mason654', 'mason@example.com', 0, 0, 1),
    ('759B456F-57F0-4592-81F0-B24B35ED6C4D', 'Scarlett', 'Scarlett159', 'scarlett@example.com', 0, 0, 1),
    ('C2895406-6B4B-47B1-9741-D6E23132F16D', 'Liamy', 'Liamy4487', 'liamy@example.com', 0, 0, 1),
    ('F8FB7C1F-B2B0-4F34-8B5E-5D1B88F25B13', 'Sophie', 'Sophie258', 'sophie@example.com', 0, 0, 1),
    ('D83AC3E0-439A-4D2B-9A24-FEFAC15E8AC8', 'Maxine', 'Maxine72289', 'maxine@example.com', 0, 0, 1),
    ('C42993A7-5E71-4766-9F56-BC9A1FEF078A', 'Layla', 'Layla321', 'layla@example.com', 0, 0, 1),
    ('59725913-A9F5-4F18-A585-BC177B1F30E2', 'Oliverre', 'Oliverre3987', 'oliverre@example.com', 0, 0, 1),
    ('3E8D6F90-8063-487D-A402-F9BC9FCD632D', 'Amelia', 'Amelia123', 'amelia@example.com', 0, 0, 1),
    ('1B3467D2-FE1F-4D5B-BE45-0C4A49C3E177', 'Ethan', 'Ethan654', 'ethan@example.com', 0, 0, 1),
    ('C9D32A35-4CB9-4322-B2AC-A1F4B96AC2F6', 'Grace', 'Grace321', 'grace@example.com', 0, 0, 1),
    ('8B4B7D30-CBC0-4601-90EE-75B2E6A2740D', 'Jackson', 'Jackson987', 'jackson@example.com', 0, 0, 1),
    ('5542B417-B799-4178-8A1A-19320A1C92D0', 'Harper', 'Harper123', 'harper@example.com', 0, 0, 1),
    ('C0359119-FD36-42D0-B426-9E029EB1A58F', 'Chloe', 'Chloe567', 'chloe@example.com', 0, 0, 1),
    ('A37E99F0-65D7-4B88-B62B-C925C6D0BFD8', 'Owen', 'Owen321', 'owen@example.com', 0, 0, 1),
    ('EB178E82-5D8B-4ED5-9D1C-49094F2DBD40', 'Lily', 'Lily987', 'lily@example.com', 0, 0, 1),
    ('3158A0E1-F7A2-42C1-85A1-8F29E9294B6A', 'Isaac', 'Isaac123', 'isaac@example.com', 0, 0, 1),
    ('6882439E-94C2-46D7-8526-3C014AD29D6F', 'Bella', 'Bella321', 'bella@example.com', 0, 0, 1),
    ('356FEF3B-5D82-44A5-9C8E-B0E6BC46D91C', 'Hazel', 'Hazel789', 'hazel@example.com', 0, 0, 1),
    ('4A4B913A-6F93-4A96-BCA9-242051E7C54F', 'Wyatt', 'Wyatt321', 'wyatt@example.com', 0, 0, 1),
    ('5BC0D3F6-7A8B-4D64-9158-4136A208F2EC', 'Samantha', 'Samantha123', 'samantha@example.com', 0, 0, 1),
    ('F98DE71B-C443-4B8B-B1B1-B2F3E746C4C3', 'Dylan', 'Dylan456', 'dylan@example.com', 0, 0, 1),
	('B2D3D4A7-A0B9-4F97-8D47-A2F5B1C9A935', 'Jason', 'Jason321', 'jason@example.com', 0, 0, 0),
    ('C9A4E3D5-9D2B-413D-90A3-A1C9F123CE93', 'Ruby', 'Ruby123', 'ruby123@example.com', 0, 0, 1),
    ('FD820A79-3E28-4F19-8B57-B80E349C4E2C', 'Aiden', 'Aiden789', 'aiden789@example.com', 0, 0, 1),
    ('8A3F4B69-221C-4D59-A9E4-32F0F145B934', 'George', 'George321', 'george@example.com', 0, 0, 0),
    ('D63C7D9B-C29D-43F1-9D89-124CD4255BCF', 'Penny', 'Penny123', 'penny@example.com', 0, 1, 0),
    ('F8DC43AC-0E1A-4AE4-9F51-16D6A0BEF91D', 'Megan', 'Megan456', 'megan456@example.com', 0, 0, 0),
    ('31D9C4D4-934D-4E28-B64D-FC8A9A95B69B', 'Max', 'Max321', 'max321@example.com', 0, 0, 1),
    ('9AABDBEC-DB22-45E1-AE88-B6BE500EECF1', 'Zoe', 'Zoe456', 'zoe456@example.com', 0, 1, 0),
    ('A82F660B-A2E5-4D1B-9DA3-C3438F30F1BB', 'Sophiza', 'Sophiza2123', 'sophiza123@example.com', 0, 0, 0),
    ('56390529-287F-47B6-BD79-FD557F12D9F0', 'Liam', 'Liam654', 'liam654@example.com', 0, 0, 1),
    ('C2F9F828-9B82-4C87-A1E1-BC7D8910CE77', 'Emma', 'Emma123', 'emma123@example.com', 0, 0, 1),
    ('9DFF0A0F-52D1-4C99-BCF2-5F9A9F7C8793', 'Luke', 'Luke987', 'luke987@example.com', 0, 0, 0),
    ('D819A2FB-97A7-4790-9D2D-7FB13B7473F3', 'Sarah', 'Sarah654', 'sarah654@example.com', 0, 0, 1),
    ('F1D53E8C-1702-475F-B6AE-4D06F6D55B11', 'Emily', 'Emily123', 'emily123@example.com', 0, 0, 1),
    ('C4D5E0B4-4863-4230-A9DA-AC125301A6F4', 'Harry', 'Harry456', 'harry456@example.com', 0, 0, 1),
    ('96E6A1F3-FEF1-48A4-97C7-544E9C9B7982', 'Ava', 'Ava789', 'ava789@example.com', 0, 1, 0),
    ('D0F73C2D-7A2E-493D-9A61-94A52E8F0989', 'Ellazi', 'Ellazi654', 'ellazi654@example.com', 0, 0, 0),
    ('B44A50A7-93BC-48AC-8C5E-0B44D98E6D3D', 'Jacob', 'Jacob123', 'jacob123@example.com', 0, 0, 0),
    ('319AC1AB-AB6C-40C7-A2B4-8E09E44324DC', 'Oliver', 'Oliver123', 'oliver123@example.com', 0, 0, 0),
    ('A5440ED5-2D12-4D8A-820A-4F87E2B77F71', 'GraceJr', 'GraceJr123', 'graceJr123@example.com', 0, 0, 1),
    ('9F3D1268-BBC0-4960-9F5B-9F27D484D3D0', 'Jack', 'Jack456', 'jack456@example.com', 0, 0, 0),
    ('0332E6B1-394F-4562-B2FE-597FF33F1A75', 'Sophia21', 'Sophiad4454', 'sophia214@example.com', 0, 0, 1),
    ('EFA810DC-14B7-4C9C-86F2-C1C3B69AA7E0', 'Mason062', 'Mason6421', 'masontheg@example.com', 0, 0, 0),
    ('1A476F70-3E5F-4909-B3A6-03DFF432D6AC', 'DavidMon', 'Davidmon123', 'davidmon33@example.com', 0, 0, 0),
    ('D2F3D6C8-B3CA-4643-A903-3EE5C7F8D4B3', 'OliviaJason', 'OliviaJason12233', 'oliviajason543@example.com', 0, 1, 0),
    ('9EC8F3D2-195C-4891-A268-1D7D0910ACAC', 'LucasKp', 'Lucaskp321', 'lucaskp321@example.com', 0, 0, 1),
    ('3D72CFA1-A9F7-49EC-B37F-B9E16F3D2070', 'Benjamin', 'Benjamin123', 'benjamin123@example.com', 0, 0, 0),
    ('5B9A8398-09C1-4F4A-BE0B-9C84C2A6F254', 'Chloe021', 'Chloekim3', 'chloe9023@example.com', 0, 0, 0),
    ('1E53730E-4980-42A5-8382-1A7D61514F51', 'AmeliaOpi', 'Ameliaopi7849', 'ameliatheone@example.com', 0, 1, 0),
    ('D9A33234-B276-4009-9140-A6B6B78E59EE', 'Blake', 'Blake789', 'blake789@example.com', 0, 0, 1),
    ('3C4D2B4F-7261-4E7E-90C6-16F054597B8C', 'LilyMore', 'Lilymore012', 'lilymore901@example.com', 0, 0, 1),
    ('BB531A79-58F4-4672-B8FC-B2DA204C9F1A', 'Megan123', 'Megan123', 'megan123@example.com', 0, 1, 0),
    ('7F5010A7-905C-4DC4-849F-A1497D081CE1', 'Wyatt678', 'Wyatt33438', 'wyatotp4@example.com', 0, 0, 0),
    ('A90273A7-6CC8-4F37-90C9-9D7F3A338679', 'Olga56', 'Olga32331', 'olgacpr@example.com', 0, 0, 1),
    ('B9DB4F78-738A-4A44-87DB-2FEAFB2D28E4', 'Caleb', 'Caleb123', 'caleb123@example.com', 0, 0, 1),
    ('9182F4F7-4B37-48A1-AB35-372A63498A60', 'Jasminelow', 'Jasminelow654', 'jasminelow@example.com', 0, 0, 1),
	('DF2DDFB4-3709-4F02-B0A3-0A7757C68D90', 'Dylankimch', 'Dylkimch21', 'dylankimch@example.com', 0, 0, 0),
    ('4AD61832-32F7-46D9-B18F-328E6FB9022A', 'Parker', 'Parker123', 'parker123@example.com', 0, 0, 1),
    ('E5F57198-FB64-4707-A11E-85B8B1E60A72', 'Rachel', 'Rachel789', 'rachel789@example.com', 0, 0, 0),
    ('2C986587-F74C-4F43-9013-6F9D28FAD74C', 'Victoria', 'Victoria123', 'victoria123@example.com', 0, 0, 1),
    ('3BB234F4-C78B-4C32-90B0-394C7A8F9A92', 'IsaacNewt', 'IsaacNewton', 'isaacton@example.com', 0, 0, 1),
    ('C707E14C-6A73-48D2-BD2D-EB9B63D8BB49', 'Lola', 'Lola123', 'lola123@example.com', 0, 1, 0);

-- ChatLogs Table Insert
INSERT INTO ChatLogs (chatId, userId, chatMessage, chatDateTime)
VALUES 
    ('A7F9B2D4-9A68-4975-BE9C-6F834EC23D01', '7E15881D-243B-49EB-8A80-EB7445F90982', 'Hello everyone, how is it going?', '2024-12-08 09:00:00'),
    ('B4D6E3A2-8D7E-47A7-8E12-9A3F1D742482', '86C89165-9CD2-4B2D-91CB-8D19731DC5C1', 'Everything is good here, what about you?', '2024-12-08 09:02:00'),
    ('C8F1B032-5F3B-4E94-87D0-F8A073C82D99', '180C3802-A27A-4C7F-B60F-ED73F6E46F1F', 'Doing well, just finishing some work.', '2024-12-08 09:04:00'),
    ('D9F29D65-40A9-47A5-B784-C06AEB8F7C12', '8B6157DF-1330-492A-A410-5A599DF91694', 'Same here, it’s been a busy morning.', '2024-12-08 09:06:00'),
    ('E4A34B42-6BC2-49F9-9EC6-16C5B99A4D3A', 'F439C28D-B7A1-479E-B9FB-FE65B0CF96CD', 'That’s good to hear! How’s everyone’s day going?', '2024-12-08 09:08:00'),
    ('F59A7E30-4D9E-4B8B-A963-6DCC5855C9B1', 'D46C7718-20C6-4578-B412-745CD6C42DE8', 'I’m just taking it easy today. What are you all up to later?', '2024-12-08 09:10:00'),
    ('12D87403-B222-44A6-B5E5-59D0344B78F1', '7E15881D-243B-49EB-8A80-EB7445F90982', 'I have some errands to run. What about you, Sahil?', '2024-12-08 09:12:00'),
    ('17B4F5D7-235B-40FB-B9FC-29B1A19F2C12', '86C89165-9CD2-4B2D-91CB-8D19731DC5C1', 'I’m meeting some friends for coffee this afternoon.', '2024-12-08 09:14:00'),
    ('31A7C2E1-8A94-460A-84F7-56B217D255F9', '180C3802-A27A-4C7F-B60F-ED73F6E46F1F', 'Sounds nice! What kind of coffee do you like?', '2024-12-08 09:16:00'),
    ('F2C45A61-253D-47CA-9865-1C4BE5632275', '8B6157DF-1330-492A-A410-5A599DF91694', 'I usually go for an espresso or a cappuccino.', '2024-12-08 09:18:00'),
    ('E7B0A4F1-4F1E-42A2-AF80-10F518C28A64', 'F439C28D-B7A1-479E-B9FB-FE65B0CF96CD', 'I’m more of a latte person myself, especially in the morning.', '2024-12-08 09:20:00'),
    ('1243A9C2-BD9F-49FB-9F76-FF7589C8580D', 'D46C7718-20C6-4578-B412-745CD6C42DE8', 'Latte is a good choice. I’m not a fan of black coffee.', '2024-12-08 09:22:00'),
    ('B3A1F8E1-31E9-43C8-839D-1DB2A47A2FB3', '7E15881D-243B-49EB-8A80-EB7445F90982', 'I think I’ll grab a black coffee today. I need that caffeine boost.', '2024-12-08 09:24:00'),
    ('C5A5B2A7-34A6-4D97-A981-1122B6578F9E', '86C89165-9CD2-4B2D-91CB-8D19731DC5C1', 'I hear you, I might switch to something stronger later.', '2024-12-08 09:26:00'),
    ('D1F4D692-4300-4C50-8F9E-1E62C8A3C1C6', '180C3802-A27A-4C7F-B60F-ED73F6E46F1F', 'What are you all doing for the weekend?', '2024-12-08 09:28:00'),
    ('E4B2825F-3AB9-464D-AF81-2E0E62213E02', '8B6157DF-1330-492A-A410-5A599DF91694', 'I’m planning a small trip to the countryside.', '2024-12-08 09:30:00'),
    ('F8C918D0-8B88-4065-848F-50E208CB798C', 'F439C28D-B7A1-479E-B9FB-FE65B0CF96CD', 'That sounds like a lot of fun! I need to get out of the city myself.', '2024-12-08 09:32:00'),
    ('58D1BB41-FE7E-47D5-80F5-1E4BEFF6C083', 'D46C7718-20C6-4578-B412-745CD6C42DE8', 'Any suggestions for places to visit around here?', '2024-12-08 09:34:00'),
    ('6918E5A6-7364-4E19-9F28-8D7A09B7C161', '7E15881D-243B-49EB-8A80-EB7445F90982', 'You could try some of the nearby parks. There are great hiking spots!', '2024-12-08 09:36:00'),
    ('7A0E4783-3E3E-4A68-B1E3-A9D35F6595DC', '86C89165-9CD2-4B2D-91CB-8D19731DC5C1', 'I love hiking! I’ll check those out soon.', '2024-12-08 09:38:00'),
    ('C803D11A-F6A4-40C9-B347-13D575B74574', '180C3802-A27A-4C7F-B60F-ED73F6E46F1F', 'I heard there’s a new trail opening up this weekend.', '2024-12-08 09:40:00'),
    ('14E56B6A-544A-42F3-94AC-C6B662D2145D', '8B6157DF-1330-492A-A410-5A599DF91694', 'That sounds great! I’ll look it up and see if I can make it.', '2024-12-08 09:42:00'),
    ('B7A4D101-5369-41F0-BE40-60C4D91B13A9', 'F439C28D-B7A1-479E-B9FB-FE65B0CF96CD', 'I’m excited for it! New trails are always fun to explore.', '2024-12-08 09:44:00'),
    ('D51F1295-A213-4D06-9D96-748B410D9B52', 'D46C7718-20C6-4578-B412-745CD6C42DE8', 'Absolutely! I love the feeling of discovering new places.', '2024-12-08 09:46:00'),
    ('9E23B9C9-153A-44E1-B560-B06A651AC530', '7E15881D-243B-49EB-8A80-EB7445F90982', 'It’s the best! It feels so rewarding at the end of a good hike.', '2024-12-08 09:48:00'),
    ('C7D64F38-C5A3-4480-AD3F-6F1C17106F97', '86C89165-9CD2-4B2D-91CB-8D19731DC5C1', 'I agree, the fresh air and the views are unbeatable.', '2024-12-08 09:50:00'),
    ('D1C8C519-4E75-4A94-8D6E-F216B219E7CC', '180C3802-A27A-4C7F-B60F-ED73F6E46F1F', 'Definitely. I’m looking forward to a nice weekend in nature.', '2024-12-08 09:52:00'),
    ('B5A29756-535F-4A1B-88B0-A47A877C6BC9', '8B6157DF-1330-492A-A410-5A599DF91694', 'Me too. We should take lots of pictures!', '2024-12-08 09:54:00'),
    ('1D3C5F70-2763-4F63-AE77-26323A6F973A', 'F439C28D-B7A1-479E-B9FB-FE65B0CF96CD', 'Good idea! We’ll need some photos to remember it by.', '2024-12-08 09:56:00'),
    ('77A5F0B3-B6A5-4A93-8399-5C7DA8B0B9B8', 'D46C7718-20C6-4578-B412-745CD6C42DE8', 'Sounds like a plan. I’m sure it’ll be a fun trip.', '2024-12-08 09:58:00'),
    ('D0D24912-1D62-4B8C-B8A4-4C2A5B6E24F9', '7E15881D-243B-49EB-8A80-EB7445F90982', 'Absolutely, I’m looking forward to it!', '2024-12-08 10:00:00'),
    ('B3A5C1A5-85B7-45F2-899A-3A98865A50CA', '86C89165-9CD2-4B2D-91CB-8D19731DC5C1', 'Same here. Let’s get ready for the weekend!', '2024-12-08 10:02:00'),
    ('E34535B0-9C64-4385-9570-7DDFCA8EF927', '180C3802-A27A-4C7F-B60F-ED73F6E46F1F', 'I can’t wait for this weekend! It’s going to be amazing.', '2024-12-08 10:04:00'),
    ('D61C8B75-8B6F-4777-B61F-FB81325F6D7A', '8B6157DF-1330-492A-A410-5A599DF91694', 'It’s going to be great! We’ll make it memorable.', '2024-12-08 10:06:00'),
    ('4D914B52-C6E7-44C1-9A9A-A7F0A833B742', 'F439C28D-B7A1-479E-B9FB-FE65B0CF96CD', 'I agree, this is going to be a trip to remember!', '2024-12-08 10:08:00'),
    ('18BC0BC4-0744-4262-967F-B9F4A35BC4D2', 'D46C7718-20C6-4578-B412-745CD6C42DE8', 'We’ll take lots of pictures and share the memories!', '2024-12-08 10:10:00'),
    ('7B97A8B2-3489-4F4D-BCC3-B231AD4C3AB0', '7E15881D-243B-49EB-8A80-EB7445F90982', 'For sure! Can’t wait to share them with you all.', '2024-12-08 10:12:00');

-- VisitorLog Table Insert (Multiple entries per user)
INSERT INTO VisitorLog (visitorId, userId, visitDate)
VALUES
    -- UserId: '7E15881D-243B-49EB-8A80-EB7445F90982'
    ('4F7A05F4-3579-4E75-AAC2-BBBF31E839A1', '7E15881D-243B-49EB-8A80-EB7445F90982', '2024-12-08 09:00:00'),
    ('B73F56C7-D60A-4967-8D8C-7A8AB6BEBE8A', '7E15881D-243B-49EB-8A80-EB7445F90982', '2024-12-08 09:30:00'),
    ('22F6B69E-B587-4D2F-9F8E-A12E36F2F85B', '7E15881D-243B-49EB-8A80-EB7445F90982', '2024-12-08 10:00:00'),

    -- UserId: '86C89165-9CD2-4B2D-91CB-8D19731DC5C1'
    ('3A206F11-FEE5-4D37-BC2F-704D8C2D3979', '86C89165-9CD2-4B2D-91CB-8D19731DC5C1', '2024-12-08 09:05:00'),
    ('E29F42F0-1B69-451F-BB8F-413D6C888019', '86C89165-9CD2-4B2D-91CB-8D19731DC5C1', '2024-12-08 09:35:00'),
    ('B234B768-C6F7-4C66-8E29-5172E7084383', '86C89165-9CD2-4B2D-91CB-8D19731DC5C1', '2024-12-08 10:05:00'),

    -- UserId: '180C3802-A27A-4C7F-B60F-ED73F6E46F1F'
    ('F3DA79D4-0E39-44B1-A2FE-51F29B953DD1', '180C3802-A27A-4C7F-B60F-ED73F6E46F1F', '2024-12-08 09:10:00'),

    -- UserId: '8B6157DF-1330-492A-A410-5A599DF91694'
    ('D5D61FF0-3565-4E55-9A71-4F29A3F2C34F', '8B6157DF-1330-492A-A410-5A599DF91694', '2024-12-08 09:15:00'),
    ('5A22803E-78B0-48A6-9C64-161B79F9C2A6', '8B6157DF-1330-492A-A410-5A599DF91694', '2024-12-08 09:45:00'),
    ('B4B43E0E-1A35-41E3-99BC-A2832E7E90D5', '8B6157DF-1330-492A-A410-5A599DF91694', '2024-12-08 10:15:00'),
    ('A781703E-2D66-4D85-8196-21F39EEA1F4C', '8B6157DF-1330-492A-A410-5A599DF91694', '2024-12-08 10:45:00'),

    -- UserId: 'F439C28D-B7A1-479E-B9FB-FE65B0CF96CD'
    ('CC6FDFE4-0E55-4B1B-9F75-B6A62670B91D', 'F439C28D-B7A1-479E-B9FB-FE65B0CF96CD', '2024-12-08 09:20:00'),
    ('8B90F60F-A847-4B84-98B6-BC1EEDB27D64', 'F439C28D-B7A1-479E-B9FB-FE65B0CF96CD', '2024-12-08 09:50:00'),

    -- UserId: 'D46C7718-20C6-4578-B412-745CD6C42DE8'
    ('CE629F58-00F7-4887-BF9D-C0C7A9E53773', 'D46C7718-20C6-4578-B412-745CD6C42DE8', '2024-12-08 09:25:00'),
    ('23C8B9B9-18B5-4A5E-A47E-76C7C93E8B53', 'D46C7718-20C6-4578-B412-745CD6C42DE8', '2024-12-08 09:55:00'),
    ('F9D10288-C923-462D-B169-BC90C1BBF5A4', 'D46C7718-20C6-4578-B412-745CD6C42DE8', '2024-12-08 10:25:00'),
    ('5A9A1F93-C582-4972-9C52-1C226742A7A1', 'D46C7718-20C6-4578-B412-745CD6C42DE8', '2024-12-08 10:55:00'),

    -- UserId: '1C55E361-A275-4ACB-996E-618D82DB58F7'
    ('E3F4A5A1-1B7F-4D76-8C47-B6DB9069354A', '1C55E361-A275-4ACB-996E-618D82DB58F7', '2024-12-08 09:30:00'),
    ('E0D47C10-3C2C-4E93-94C7-0BB35D62F035', '1C55E361-A275-4ACB-996E-618D82DB58F7', '2024-12-08 10:00:00'),
    ('D228D429-285B-4A4A-B9C6-BC58A5D16B6A', '1C55E361-A275-4ACB-996E-618D82DB58F7', '2024-12-08 10:30:00'),
    ('D46A9145-5F4D-4D6F-8323-A39F9C8F93F5', '1C55E361-A275-4ACB-996E-618D82DB58F7', '2024-12-08 09:40:00');

-- IntrestTag Table Inserts
INSERT INTO IntrestTag (tagId, tagName)
VALUES 
    ('B2BB353B-E23C-4D22-BB49-59F271ABB740', 'Games'),
	('8781B6ED-3477-4AB3-858F-4AA2F896FFB0', 'Shopping'),
	('31E89AF4-29AF-4814-889E-8C75002EAE8E', 'Cafe'),
	('5B6D90A2-A202-42F9-8764-A72D52A3C8D6', 'Art'),
	('E3A13AEE-BAC8-45B8-A63A-D7E931CD69D1', 'Sports'),
	('A3139461-42B4-45D1-80CC-85AF1A266AD9', 'Sculpting'),
	('0FD26B2E-0012-4192-B7CD-8DFBBDB73A62', 'Networking'),
	('C4604527-63F9-48DA-A676-624649EA20A3', 'Movies'),
	('AD929823-47B4-4C59-8EAB-4AA71F1BC6FF', 'Writing'),
	('2C75402E-CB18-4BAF-8512-B6B552FFD52A', 'Singing'),
	('0876FE02-5A8B-4F4B-9F56-6AAE00F34C9B', 'Languages'),
	('033B54ED-BB0C-4568-BEA0-3A6F15B9160B', 'Cooking'),
	('E521FF41-341B-4B36-9382-85ADFD51020D', 'Marketing'),
	('6B56D42D-4F0B-4C39-9AB9-248A8357E234', 'News'),
	('8663F23E-5B51-4B1D-A3A1-183DEFFF8C85', 'Programming'),
	('7CB64EB5-150C-4EE3-98ED-E175FA98CB36', 'Security');

-- Event Table Inserts
INSERT INTO Event (eventId, tagId, eventName, eventDate)
VALUES
	('35DAC41D-1935-4C59-8D65-3AAF70160AA4', '0876FE02-5A8B-4F4B-9F56-6AAE00F34C9B', 'UN Arabic Language Day Celebration', '2025-02-01 16:00:00'),
	('18CDCE2D-51D0-40EB-B1B2-A7EE6B83F193', '0FD26B2E-0012-4192-B7CD-8DFBBDB73A62', 'Fresh Start Fridays: Networking', '2025-02-07 15:15:00'),
	('DE9CC693-C666-479B-9DB8-23E7BDB500BD', '2C75402E-CB18-4BAF-8512-B6B552FFD52A', 'Voice Of The Streets', '2025-03-13 18:00:00'),
	('EE419EEA-FDE3-48F6-A209-BC62D5BE2C4D', '31E89AF4-29AF-4814-889E-8C75002EAE8E', 'Repair Cafe', '2025-03-20 15:30:00'),
	('2D4DF0FD-6716-4C05-8300-5874460D8FFF', '5B6D90A2-A202-42F9-8764-A72D52A3C8D6', 'Art Gathering', '2025-04-01 12:00:00'),
	('3B5B86E7-FD94-4B58-A979-108A2C7A92E6', '8781B6ED-3477-4AB3-858F-4AA2F896FFB0', 'Amayi Rose Pop-Up Shop', '2025-04-11 13:45:00'),
	('1DB76FF7-3439-446D-9B38-D5568661DCA1', 'A3139461-42B4-45D1-80CC-85AF1A266AD9', 'Shrine Making', '2025-04-22 18:30:00'),
	('289AE90B-55B0-4A99-814A-8B3DA809A432', 'AD929823-47B4-4C59-8EAB-4AA71F1BC6FF', 'Turn Up And Write', '2025-05-03 20:00:00'),
	('D56F67D1-F526-4505-B453-7B9EE353B8AF', 'B2BB353B-E23C-4D22-BB49-59F271ABB740', 'Happy Board Game Hour', '2025-05-11 16:00:00'),
	('9716B50E-E259-4B19-AE14-0649C5C6B1C8', 'C4604527-63F9-48DA-A676-624649EA20A3', 'Makani Movie Night', '2025-05-21 21:00:00'),
	('E2A65258-2C6F-456A-9FA1-247E24031077', 'E3A13AEE-BAC8-45B8-A63A-D7E931CD69D1', 'Mindful Kick Boxing', '2025-05-25 18:30:00'),
	('5B83B8EC-62D6-49C0-83E1-7C250801C305', '5B6D90A2-A202-42F9-8764-A72D52A3C8D6', 'Street Art', '2025-06-01 14:00:00'),
	('8974FB33-42FD-43AC-B21E-97AFF8C964B9', '0876FE02-5A8B-4F4B-9F56-6AAE00F34C9B', 'French Language Learning', '2025-06-09 17:00:00'),
	('6C5286D2-4ACD-476B-985F-8F5E3319E9BF', '2C75402E-CB18-4BAF-8512-B6B552FFD52A', 'Opera Night', '2025-06-11 22:00:00'),
	('0EB419E6-2727-4246-9366-E11C42DFEB3E', 'E3A13AEE-BAC8-45B8-A63A-D7E931CD69D1', 'Football Watch Along Night', '2025-06-21 20:00:00'),
	('B3B25686-0946-46D3-BEFD-70D5EBE954F4', 'B2BB353B-E23C-4D22-BB49-59F271ABB740', 'Chess Competition', '2025-07-01 18:00:00'),
	('DCF6D222-45CC-400C-8E0A-7A6F68F097AF', '5B6D90A2-A202-42F9-8764-A72D52A3C8D6', 'Painting Wildlife', '2025-07-09 14:30:00'),
	('034C6C04-9CF4-427F-A349-36DD69E264C1', '31E89AF4-29AF-4814-889E-8C75002EAE8E', 'Maid Cafe Night', '2025-07-23 21:30:00'),
	('24F62F5B-94AF-48C9-BA37-DA9EDC68F64B', 'C4604527-63F9-48DA-A676-624649EA20A3', 'Shrek Movie Night', '2025-08-01 20:00:00');

-- UserEvents Table Inserts
INSERT INTO UserEvents (userId, eventId)
VALUES
    -- Bookings for UserId: '7E15881D-243B-49EB-8A80-EB7445F90982'
    ('7E15881D-243B-49EB-8A80-EB7445F90982', '35DAC41D-1935-4C59-8D65-3AAF70160AA4'),
    ('7E15881D-243B-49EB-8A80-EB7445F90982', '18CDCE2D-51D0-40EB-B1B2-A7EE6B83F193'),
    ('7E15881D-243B-49EB-8A80-EB7445F90982', 'DE9CC693-C666-479B-9DB8-23E7BDB500BD'),

    -- Bookings for UserId: '86C89165-9CD2-4B2D-91CB-8D19731DC5C1'
    ('86C89165-9CD2-4B2D-91CB-8D19731DC5C1', 'EE419EEA-FDE3-48F6-A209-BC62D5BE2C4D'),
    ('86C89165-9CD2-4B2D-91CB-8D19731DC5C1', '2D4DF0FD-6716-4C05-8300-5874460D8FFF'),
    ('86C89165-9CD2-4B2D-91CB-8D19731DC5C1', '3B5B86E7-FD94-4B58-A979-108A2C7A92E6'),

    -- Bookings for UserId: '180C3802-A27A-4C7F-B60F-ED73F6E46F1F'
    ('180C3802-A27A-4C7F-B60F-ED73F6E46F1F', '1DB76FF7-3439-446D-9B38-D5568661DCA1'),
    ('180C3802-A27A-4C7F-B60F-ED73F6E46F1F', '289AE90B-55B0-4A99-814A-8B3DA809A432'),

    -- Bookings for UserId: '8B6157DF-1330-492A-A410-5A599DF91694'
    ('8B6157DF-1330-492A-A410-5A599DF91694', 'D56F67D1-F526-4505-B453-7B9EE353B8AF'),
    ('8B6157DF-1330-492A-A410-5A599DF91694', '9716B50E-E259-4B19-AE14-0649C5C6B1C8'),
    ('8B6157DF-1330-492A-A410-5A599DF91694', 'E2A65258-2C6F-456A-9FA1-247E24031077'),

    -- Bookings for UserId: 'F439C28D-B7A1-479E-B9FB-FE65B0CF96CD'
    ('F439C28D-B7A1-479E-B9FB-FE65B0CF96CD', '5B83B8EC-62D6-49C0-83E1-7C250801C305'),
    ('F439C28D-B7A1-479E-B9FB-FE65B0CF96CD', '8974FB33-42FD-43AC-B21E-97AFF8C964B9'),
    ('F439C28D-B7A1-479E-B9FB-FE65B0CF96CD', '6C5286D2-4ACD-476B-985F-8F5E3319E9BF'),

    -- Bookings for UserId: 'D46C7718-20C6-4578-B412-745CD6C42DE8'
    ('D46C7718-20C6-4578-B412-745CD6C42DE8', '0EB419E6-2727-4246-9366-E11C42DFEB3E'),
    ('D46C7718-20C6-4578-B412-745CD6C42DE8', 'B3B25686-0946-46D3-BEFD-70D5EBE954F4'),
    ('D46C7718-20C6-4578-B412-745CD6C42DE8', 'DCF6D222-45CC-400C-8E0A-7A6F68F097AF'),

    -- Bookings for UserId: '1C55E361-A275-4ACB-996E-618D82DB58F7'
    ('1C55E361-A275-4ACB-996E-618D82DB58F7', '034C6C04-9CF4-427F-A349-36DD69E264C1'),
    ('1C55E361-A275-4ACB-996E-618D82DB58F7', '24F62F5B-94AF-48C9-BA37-DA9EDC68F64B'),
    ('1C55E361-A275-4ACB-996E-618D82DB58F7', '35DAC41D-1935-4C59-8D65-3AAF70160AA4'),
    ('1C55E361-A275-4ACB-996E-618D82DB58F7', 'E2A65258-2C6F-456A-9FA1-247E24031077');

-- DigitalContentModule Table Inserts
INSERT INTO DigitalContentModule (digitalContentModuleId,tagId, moduleName)
VALUES
	('E2BB4C9A-F42B-4F0B-A2BE-006B09996A71', '033B54ED-BB0C-4568-BEA0-3A6F15B9160B', 'Online Cooking Course'),
	('A2E38D35-B655-48E6-9227-236DD44FC181', 'E521FF41-341B-4B36-9382-85ADFD51020D', 'Online Marketing Course'),
	('14B42786-89B1-4133-BB1B-E37377368901', '6B56D42D-4F0B-4C39-9AB9-248A8357E234', 'Newsletter'),
	('E7AB013A-6C9B-441A-A882-BB62E6108BEF', 'E521FF41-341B-4B36-9382-85ADFD51020D', 'Dropshipping Course'),
	('E9FB901B-EBCD-470E-B0D4-BAF12F0BEA3E', '8663F23E-5B51-4B1D-A3A1-183DEFFF8C85', 'Programming Course'),
	('D8D399CE-3037-42EF-818E-0FDF36BD3B96', '7CB64EB5-150C-4EE3-98ED-E175FA98CB36', 'Security Vulnerablility Research Course');

-- UserDigitalContentModule Table Inserts
INSERT INTO UserDigitalContentModule (userId, digitalContentModuleId, moduleDateBooked)
VALUES
    -- Bookings for UserId: '7E15881D-243B-49EB-8A80-EB7445F90982'
    ('7E15881D-243B-49EB-8A80-EB7445F90982', 'E2BB4C9A-F42B-4F0B-A2BE-006B09996A71', '2025-01-10 09:30:00'),
    ('7E15881D-243B-49EB-8A80-EB7445F90982', 'A2E38D35-B655-48E6-9227-236DD44FC181', '2025-01-15 14:45:00'),
    ('7E15881D-243B-49EB-8A80-EB7445F90982', '14B42786-89B1-4133-BB1B-E37377368901', '2025-01-20 18:00:00'),

    -- Bookings for UserId: '86C89165-9CD2-4B2D-91CB-8D19731DC5C1'
    ('86C89165-9CD2-4B2D-91CB-8D19731DC5C1', 'E7AB013A-6C9B-441A-A882-BB62E6108BEF', '2025-02-05 10:00:00'),
    ('86C89165-9CD2-4B2D-91CB-8D19731DC5C1', 'E9FB901B-EBCD-470E-B0D4-BAF12F0BEA3E', '2025-02-12 16:30:00'),

    -- Bookings for UserId: '180C3802-A27A-4C7F-B60F-ED73F6E46F1F'
    ('180C3802-A27A-4C7F-B60F-ED73F6E46F1F', 'D8D399CE-3037-42EF-818E-0FDF36BD3B96', '2025-03-01 14:00:00'),
    ('180C3802-A27A-4C7F-B60F-ED73F6E46F1F', '14B42786-89B1-4133-BB1B-E37377368901', '2025-03-08 11:00:00'),

    -- Bookings for UserId: '8B6157DF-1330-492A-A410-5A599DF91694'
    ('8B6157DF-1330-492A-A410-5A599DF91694', 'E2BB4C9A-F42B-4F0B-A2BE-006B09996A71', '2025-01-25 09:15:00'),
    ('8B6157DF-1330-492A-A410-5A599DF91694', 'E7AB013A-6C9B-441A-A882-BB62E6108BEF', '2025-02-07 17:45:00'),
    ('8B6157DF-1330-492A-A410-5A599DF91694', 'E9FB901B-EBCD-470E-B0D4-BAF12F0BEA3E', '2025-03-10 15:00:00'),

    -- Bookings for UserId: 'F439C28D-B7A1-479E-B9FB-FE65B0CF96CD'
    ('F439C28D-B7A1-479E-B9FB-FE65B0CF96CD', 'D8D399CE-3037-42EF-818E-0FDF36BD3B96', '2025-04-15 14:30:00'),
    ('F439C28D-B7A1-479E-B9FB-FE65B0CF96CD', 'A2E38D35-B655-48E6-9227-236DD44FC181', '2025-04-20 10:00:00'),

    -- Bookings for UserId: 'D46C7718-20C6-4578-B412-745CD6C42DE8'
    ('D46C7718-20C6-4578-B412-745CD6C42DE8', 'E2BB4C9A-F42B-4F0B-A2BE-006B09996A71', '2025-05-01 09:00:00'),
    ('D46C7718-20C6-4578-B412-745CD6C42DE8', '14B42786-89B1-4133-BB1B-E37377368901', '2025-05-07 13:00:00'),
    ('D46C7718-20C6-4578-B412-745CD6C42DE8', 'E9FB901B-EBCD-470E-B0D4-BAF12F0BEA3E', '2025-05-15 17:00:00'),

    -- Bookings for UserId: '1C55E361-A275-4ACB-996E-618D82DB58F7'
    ('1C55E361-A275-4ACB-996E-618D82DB58F7', 'E7AB013A-6C9B-441A-A882-BB62E6108BEF', '2025-06-01 18:45:00'),
    ('1C55E361-A275-4ACB-996E-618D82DB58F7', 'D8D399CE-3037-42EF-818E-0FDF36BD3B96', '2025-06-10 10:30:00'),
    ('1C55E361-A275-4ACB-996E-618D82DB58F7', 'E9FB901B-EBCD-470E-B0D4-BAF12F0BEA3E', '2025-07-01 09:30:00'),
    ('1C55E361-A275-4ACB-996E-618D82DB58F7', 'E2BB4C9A-F42B-4F0B-A2BE-006B09996A71', '2025-07-05 14:15:00'),
    ('1C55E361-A275-4ACB-996E-618D82DB58F7', 'A2E38D35-B655-48E6-9227-236DD44FC181', '2025-07-15 18:00:00');

-- UserTag Table Inserts
INSERT INTO UserTag (userId, tagId, userTagCreationDate)
VALUES
    -- Tags for UserId: '7E15881D-243B-49EB-8A80-EB7445F90982'
    ('7E15881D-243B-49EB-8A80-EB7445F90982', 'B2BB353B-E23C-4D22-BB49-59F271ABB740', '2025-01-05 10:30:00'),
    ('7E15881D-243B-49EB-8A80-EB7445F90982', '033B54ED-BB0C-4568-BEA0-3A6F15B9160B', '2025-01-06 09:15:00'),
    ('7E15881D-243B-49EB-8A80-EB7445F90982', 'E3A13AEE-BAC8-45B8-A63A-D7E931CD69D1', '2025-01-10 12:00:00'),

    -- Tags for UserId: '86C89165-9CD2-4B2D-91CB-8D19731DC5C1'
    ('86C89165-9CD2-4B2D-91CB-8D19731DC5C1', 'AD929823-47B4-4C59-8EAB-4AA71F1BC6FF', '2025-02-01 08:45:00'),
    ('86C89165-9CD2-4B2D-91CB-8D19731DC5C1', 'E521FF41-341B-4B36-9382-85ADFD51020D', '2025-02-03 16:00:00'),
    ('86C89165-9CD2-4B2D-91CB-8D19731DC5C1', '5B6D90A2-A202-42F9-8764-A72D52A3C8D6', '2025-02-07 10:15:00'),

    -- Tags for UserId: '180C3802-A27A-4C7F-B60F-ED73F6E46F1F'
    ('180C3802-A27A-4C7F-B60F-ED73F6E46F1F', '0876FE02-5A8B-4F4B-9F56-6AAE00F34C9B', '2025-03-01 14:00:00'),
    ('180C3802-A27A-4C7F-B60F-ED73F6E46F1F', '033B54ED-BB0C-4568-BEA0-3A6F15B9160B', '2025-03-03 09:30:00'),

    -- Tags for UserId: '8B6157DF-1330-492A-A410-5A599DF91694'
    ('8B6157DF-1330-492A-A410-5A599DF91694', '7CB64EB5-150C-4EE3-98ED-E175FA98CB36', '2025-04-01 08:30:00'),
    ('8B6157DF-1330-492A-A410-5A599DF91694', '6B56D42D-4F0B-4C39-9AB9-248A8357E234', '2025-04-05 11:45:00'),
    ('8B6157DF-1330-492A-A410-5A599DF91694', 'B2BB353B-E23C-4D22-BB49-59F271ABB740', '2025-04-09 16:15:00'),

    -- Tags for UserId: 'F439C28D-B7A1-479E-B9FB-FE65B0CF96CD'
    ('F439C28D-B7A1-479E-B9FB-FE65B0CF96CD', 'C4604527-63F9-48DA-A676-624649EA20A3', '2025-05-10 10:00:00'),
    ('F439C28D-B7A1-479E-B9FB-FE65B0CF96CD', 'AD929823-47B4-4C59-8EAB-4AA71F1BC6FF', '2025-05-12 15:30:00'),

    -- Tags for UserId: 'D46C7718-20C6-4578-B412-745CD6C42DE8'
    ('D46C7718-20C6-4578-B412-745CD6C42DE8', 'E3A13AEE-BAC8-45B8-A63A-D7E931CD69D1', '2025-06-02 14:00:00'),
    ('D46C7718-20C6-4578-B412-745CD6C42DE8', 'E521FF41-341B-4B36-9382-85ADFD51020D', '2025-06-08 16:30:00'),
    ('D46C7718-20C6-4578-B412-745CD6C42DE8', '033B54ED-BB0C-4568-BEA0-3A6F15B9160B', '2025-06-15 09:30:00'),

    -- Tags for UserId: '1C55E361-A275-4ACB-996E-618D82DB58F7'
    ('1C55E361-A275-4ACB-996E-618D82DB58F7', 'B2BB353B-E23C-4D22-BB49-59F271ABB740', '2025-07-05 17:00:00'),
    ('1C55E361-A275-4ACB-996E-618D82DB58F7', 'C4604527-63F9-48DA-A676-624649EA20A3', '2025-07-08 14:15:00'),
    ('1C55E361-A275-4ACB-996E-618D82DB58F7', 'E3A13AEE-BAC8-45B8-A63A-D7E931CD69D1', '2025-08-01 10:00:00'),
    ('1C55E361-A275-4ACB-996E-618D82DB58F7', '033B54ED-BB0C-4568-BEA0-3A6F15B9160B', '2025-08-05 11:45:00'),
    ('1C55E361-A275-4ACB-996E-618D82DB58F7', '0876FE02-5A8B-4F4B-9F56-6AAE00F34C9B', '2025-08-15 15:00:00');

-- Admin Table Inserts
INSERT INTO Admin (adminId, userId)
VALUES
    ('385F047E-2575-49F6-8600-ADBBE1ADB244', (SELECT userId FROM Users WHERE username = 'Sahil')),
    ('0ECD7803-3956-4075-B3BA-ECAAC40275ED', (SELECT userId FROM Users WHERE username = 'Kai')),
    ('24B25A5F-A6EB-47E6-A2EC-F27412054145', (SELECT userId FROM Users WHERE username = 'Sam'));

-- AdminRequests Table Inserts
INSERT INTO AdminRequests (adminRequestId, userId, requestDescription, requestTime)
VALUES
    ('A9237D65-47E9-40F8-8B1C-C6E78E8DFA1B', '1C55E361-A275-4ACB-996E-618D82DB58F7', 'Request to join as a member and access member areas.', '2025-09-01 10:15:00'),
    ('BB1D4A94-0A8E-4A45-BE44-79E3C07CE918', '8783AC43-8558-4633-93A7-3BB543504430', 'Request to join as a member and access member areas.', '2025-09-02 14:00:00'),
    ('C8E45A3B-939B-4E1A-A1D5-4585BDFE5F66', 'A7109FB1-4C70-469C-8A18-BE12F0A28DC4', 'Request to join as a member and access member areas.', '2025-09-03 09:45:00'),
    ('D4A6C8F1-2A47-41A3-88D5-BE720B967E5C', 'B290D4A7-410F-4DFF-9D92-68D91F4F9AE2', 'Request to join as a member and access member areas.', '2025-09-04 11:30:00'),
	('4D4ABFDD-3A5A-4CD0-96F4-FD037EFD2FA2', '9ABBB1D9-BC55-4065-B57F-9F2F5286D71A', 'Request to join as a member and access member areas.', '2025-09-04 16:30:00'),
	('D4164BC7-1517-4C26-A2C8-827821D1E076', 'A2E62AE9-BDF0-4FB0-83D4-310C5481B518', 'Request to join as a member and access member areas.', '2025-09-04 19:20:00'),
	('AABBEDC8-0271-4F57-BB96-79B49F018138', '6C9E225B-F343-4AA9-9ED0-96DC39B60D63', 'Request to join as a member and access member areas.', '2025-09-05 04:30:00'),
	('D7C8B5E8-FD53-4BDC-B092-2489F17EA0EE', '9736C5B0-8319-42EC-9578-08BC44B3A003', 'Request to join as a member and access member areas.', '2025-09-06 11:34:00');

-- MembershipType Table Inserts
INSERT INTO MembershipType(membershipTypeId, typeName, description, cost, joiningFee, duration)
VALUES
    ('51B6C680-EFBC-4AFC-B499-CDAEA034E3CA', 'Community', 'Basic membership.', 18.50, 00.00, 'MONTH'),
	('ED3CAFD8-020C-479D-95D3-DD9A7AACC40F', 'KeyAccess', 'Basic membership with key access.', 45.00, 100.00, 'MONTH'),
	('7505CC85-23CA-4538-84CC-D13CB5FED5A3', 'WorkplacePart-Time', 'Workplace part-time membership.', 70.00, 100.00, 'MONTH'),
	('E551B104-A0B0-42A6-9941-EFF8B005E549', 'WorkplaceFull-Time', 'Workplace full-time membership.', 100.00, 100.00, 'MONTH'),
	('A7576A23-EEAA-435D-8D0B-E5670913F26B', 'Student', 'Student membership.', 00.00, 00.00, 'MONTH'),
	('B59331CE-F435-4589-A158-2D561145082D', 'SmallBusiness', 'Businesses less than 20 people.', 375.00, 00.00, 'MONTH'),
	('160175F1-F38F-4436-9D61-0A9F3D144D07', 'MediumBusiness', 'Businesses with 21 - 50 people.', 750.00, 00.00, 'MONTH'),
	('278AA19B-44A9-4282-8D8B-9AE4A16B462F', 'LargeBusiness', 'Businesses with more than 50 people.', 1500.00, 00.00, 'MONTH'),
	('3BBF0AF3-7F8F-49F0-90C1-EC91DBBDF2E1', 'SmallNon-Profit', 'Non-Profit with less than 100 people.', 375.00, 00.00, 'MONTH'),
	('135BAC11-6DBA-4561-981A-9A32AF7A3974', 'LargeNon-Profit', 'Non-Profit greater than 100 people.', 750.00, 00.00, 'MONTH');

-- MemberBenefits Table Inserts
INSERT INTO MemberBenefits (memberBenefitsId, benefitsDescription)
VALUES 
    ('42BC41E5-B934-4BF4-A5CB-4151DBA0BC63', 'Free or Discounted tickets to all events.'),
	('0E7438AC-241D-4A62-A998-39AE3ED2A8C0', 'Collaborative and creative skills development workshops.'),
	('208922D7-5BBB-4B4C-A7CF-B095ABD2CC18', 'Participation in the annual Citizens’ Studio.'),
	('19453026-4D9D-421C-AAA6-4EFCE1E02100', 'A voice in decision about new social enterprises developed in Together Culture’s incubator.'),
	('FFD8B9F5-E29A-4D03-A8F6-FE2785AF4261', 'Access to the space.'),
	('2B8E6F74-7392-4B2F-939F-67FB339F7BF2', '24/7 access to Together Culture Fitzroy.'),
	('22B45B1C-6BB6-423C-9F9B-13EA835557F1', 'A dedicated workspace and storage space.'),
	('A222DA79-C9AB-4EBC-8EBA-2F325C59C6F0', 'A cohort of Workspace Members with which to build collaborative relationships.'),
	('D67BFD1D-5351-4DC6-8B53-65799EC3D38D', 'Part-Time access to Together Culture Fitzroy.'),
	('EAAAEBCE-4420-42B8-992E-D7000173B26D', '3 inclusive spaces in all Together Culture events, workshops and courses.'),
	('FC803E66-F951-4614-A503-0072D7E43E27', '25% discount on access to events, workshops, and courses for the rest of your team.'),
	('0038E240-85AA-4EB0-9D23-45695972A8F8', '3 passes to use Fitzroy Street during opening hours.'),
	('92667BAE-6738-420F-952F-32B28DB8A3BD', '25% discount on Together Culture co-creation, facilitation, marketing, and team building serviceS.'),
	('A198779D-7284-48EF-9A94-D7F67B82E7E4', 'Name credit on our supporters’ page on our website and in our annual yearbook.'),
	('F6C91F15-5B64-4AC6-9BCC-2A73D1F5D61D', '5 inclusive spaces in all Together Culture events, workshops and courses.'),
	('A98BF2F6-0D68-4380-A476-2D7235BA7EFC', '5 passes to use Fitzroy Street during opening hours.'),
	('4D58EEC5-92D5-4A38-A5BB-BA6967DA1033', '10 inclusive spaces in all Together Culture events, workshops and courses.'),
	('44827D57-D071-4D1A-B763-3B3208BFB02B', '10 passes to use Fitzroy Street during opening hours.');

-- MembershipTypeBenefits Table Inserts
INSERT INTO MembershipTypeBenefits (membershipTypeId, memberBenefitsId)
VALUES 
	-- Community
    ('51B6C680-EFBC-4AFC-B499-CDAEA034E3CA', '42BC41E5-B934-4BF4-A5CB-4151DBA0BC63'),
	('51B6C680-EFBC-4AFC-B499-CDAEA034E3CA', '0E7438AC-241D-4A62-A998-39AE3ED2A8C0'),
	('51B6C680-EFBC-4AFC-B499-CDAEA034E3CA', '208922D7-5BBB-4B4C-A7CF-B095ABD2CC18'),
	('51B6C680-EFBC-4AFC-B499-CDAEA034E3CA', '19453026-4D9D-421C-AAA6-4EFCE1E02100'),
	('51B6C680-EFBC-4AFC-B499-CDAEA034E3CA', 'FFD8B9F5-E29A-4D03-A8F6-FE2785AF4261'),

	-- Student
	('A7576A23-EEAA-435D-8D0B-E5670913F26B', '42BC41E5-B934-4BF4-A5CB-4151DBA0BC63'),
	('A7576A23-EEAA-435D-8D0B-E5670913F26B', '0E7438AC-241D-4A62-A998-39AE3ED2A8C0'),
	('A7576A23-EEAA-435D-8D0B-E5670913F26B', '208922D7-5BBB-4B4C-A7CF-B095ABD2CC18'),
	('A7576A23-EEAA-435D-8D0B-E5670913F26B', '19453026-4D9D-421C-AAA6-4EFCE1E02100'),
	('A7576A23-EEAA-435D-8D0B-E5670913F26B', 'FFD8B9F5-E29A-4D03-A8F6-FE2785AF4261'),

	-- Key Access
	('ED3CAFD8-020C-479D-95D3-DD9A7AACC40F', '42BC41E5-B934-4BF4-A5CB-4151DBA0BC63'),
	('ED3CAFD8-020C-479D-95D3-DD9A7AACC40F', '0E7438AC-241D-4A62-A998-39AE3ED2A8C0'),
	('ED3CAFD8-020C-479D-95D3-DD9A7AACC40F', '208922D7-5BBB-4B4C-A7CF-B095ABD2CC18'),
	('ED3CAFD8-020C-479D-95D3-DD9A7AACC40F', '19453026-4D9D-421C-AAA6-4EFCE1E02100'),
	('ED3CAFD8-020C-479D-95D3-DD9A7AACC40F', '2B8E6F74-7392-4B2F-939F-67FB339F7BF2'),

	-- WorkplacePart-Time
	('7505CC85-23CA-4538-84CC-D13CB5FED5A3', '42BC41E5-B934-4BF4-A5CB-4151DBA0BC63'),
	('7505CC85-23CA-4538-84CC-D13CB5FED5A3', '0E7438AC-241D-4A62-A998-39AE3ED2A8C0'),
	('7505CC85-23CA-4538-84CC-D13CB5FED5A3', '208922D7-5BBB-4B4C-A7CF-B095ABD2CC18'),
	('7505CC85-23CA-4538-84CC-D13CB5FED5A3', '19453026-4D9D-421C-AAA6-4EFCE1E02100'),
	('7505CC85-23CA-4538-84CC-D13CB5FED5A3', '2B8E6F74-7392-4B2F-939F-67FB339F7BF2'),
	('7505CC85-23CA-4538-84CC-D13CB5FED5A3', '22B45B1C-6BB6-423C-9F9B-13EA835557F1'),
	('7505CC85-23CA-4538-84CC-D13CB5FED5A3', 'A222DA79-C9AB-4EBC-8EBA-2F325C59C6F0'),

	-- WorkplaceFull-Time
	('E551B104-A0B0-42A6-9941-EFF8B005E549', '42BC41E5-B934-4BF4-A5CB-4151DBA0BC63'),
	('E551B104-A0B0-42A6-9941-EFF8B005E549', '0E7438AC-241D-4A62-A998-39AE3ED2A8C0'),
	('E551B104-A0B0-42A6-9941-EFF8B005E549', '208922D7-5BBB-4B4C-A7CF-B095ABD2CC18'),
	('E551B104-A0B0-42A6-9941-EFF8B005E549', '19453026-4D9D-421C-AAA6-4EFCE1E02100'),
	('E551B104-A0B0-42A6-9941-EFF8B005E549', '2B8E6F74-7392-4B2F-939F-67FB339F7BF2'),
	('E551B104-A0B0-42A6-9941-EFF8B005E549', '22B45B1C-6BB6-423C-9F9B-13EA835557F1'),
	('E551B104-A0B0-42A6-9941-EFF8B005E549', 'A222DA79-C9AB-4EBC-8EBA-2F325C59C6F0'),

	-- SmallBusiness
	('B59331CE-F435-4589-A158-2D561145082D', 'EAAAEBCE-4420-42B8-992E-D7000173B26D'),
	('B59331CE-F435-4589-A158-2D561145082D', 'FC803E66-F951-4614-A503-0072D7E43E27'),
	('B59331CE-F435-4589-A158-2D561145082D', '0038E240-85AA-4EB0-9D23-45695972A8F8'),
	('B59331CE-F435-4589-A158-2D561145082D', '92667BAE-6738-420F-952F-32B28DB8A3BD'),
	('B59331CE-F435-4589-A158-2D561145082D', 'A198779D-7284-48EF-9A94-D7F67B82E7E4'),

	-- MediumBusiness
	('160175F1-F38F-4436-9D61-0A9F3D144D07', 'F6C91F15-5B64-4AC6-9BCC-2A73D1F5D61D'),
	('160175F1-F38F-4436-9D61-0A9F3D144D07', 'A98BF2F6-0D68-4380-A476-2D7235BA7EFC'),
	('160175F1-F38F-4436-9D61-0A9F3D144D07', 'FC803E66-F951-4614-A503-0072D7E43E27'),
	('160175F1-F38F-4436-9D61-0A9F3D144D07', '92667BAE-6738-420F-952F-32B28DB8A3BD'),
	('160175F1-F38F-4436-9D61-0A9F3D144D07', 'A198779D-7284-48EF-9A94-D7F67B82E7E4'),
	
	-- LargeBusiness
	('278AA19B-44A9-4282-8D8B-9AE4A16B462F', '4D58EEC5-92D5-4A38-A5BB-BA6967DA1033'),
	('278AA19B-44A9-4282-8D8B-9AE4A16B462F', 'FC803E66-F951-4614-A503-0072D7E43E27'),
	('278AA19B-44A9-4282-8D8B-9AE4A16B462F', '44827D57-D071-4D1A-B763-3B3208BFB02B'),
	('278AA19B-44A9-4282-8D8B-9AE4A16B462F', '92667BAE-6738-420F-952F-32B28DB8A3BD'),
	('278AA19B-44A9-4282-8D8B-9AE4A16B462F', 'A198779D-7284-48EF-9A94-D7F67B82E7E4'),

	-- SmallNon-Profit
	('3BBF0AF3-7F8F-49F0-90C1-EC91DBBDF2E1', 'F6C91F15-5B64-4AC6-9BCC-2A73D1F5D61D'),
	('3BBF0AF3-7F8F-49F0-90C1-EC91DBBDF2E1', 'FC803E66-F951-4614-A503-0072D7E43E27'),
	('3BBF0AF3-7F8F-49F0-90C1-EC91DBBDF2E1', 'A98BF2F6-0D68-4380-A476-2D7235BA7EFC'),
	('3BBF0AF3-7F8F-49F0-90C1-EC91DBBDF2E1', '92667BAE-6738-420F-952F-32B28DB8A3BD'),
	('3BBF0AF3-7F8F-49F0-90C1-EC91DBBDF2E1', 'A198779D-7284-48EF-9A94-D7F67B82E7E4'),

	-- LargeNon-Profit
	('135BAC11-6DBA-4561-981A-9A32AF7A3974', '4D58EEC5-92D5-4A38-A5BB-BA6967DA1033'),
	('135BAC11-6DBA-4561-981A-9A32AF7A3974', 'FC803E66-F951-4614-A503-0072D7E43E27'),
	('135BAC11-6DBA-4561-981A-9A32AF7A3974', '44827D57-D071-4D1A-B763-3B3208BFB02B'),
	('135BAC11-6DBA-4561-981A-9A32AF7A3974', '92667BAE-6738-420F-952F-32B28DB8A3BD'),
	('135BAC11-6DBA-4561-981A-9A32AF7A3974', 'A198779D-7284-48EF-9A94-D7F67B82E7E4');

-- KeyIntrest Table Inserts
INSERT INTO KeyIntrest(intrestId, keyIntrestName)
VALUES
    ('E632BE72-000B-4CEA-9D3E-1CDBE839BD5B', 'Sharing'),
	('AC42A1B9-9B24-4172-9EC6-89D0F13F19C0', 'Learning'),
	('9B64F4C1-4F8D-4317-A48A-09A562A16740', 'Working'),
	('5C40A6B1-E3BF-42A0-AF53-AC077AF4DFA7', 'Caring'),
	('D1CEB407-55CB-45DE-87D4-B7D40CD6EA0A', 'Happening');

-- Member Table Inserts
INSERT INTO Member(memberId, userId, membershipTypeId)
VALUES
	('F8923979-5211-40E8-BC18-8DC6D84DEA36', '0332E6B1-394F-4562-B2FE-597FF33F1A75', '3BBF0AF3-7F8F-49F0-90C1-EC91DBBDF2E1'),
	('27E55FE0-7BE8-4276-A7D0-BEB9E21886F5', '15A5D60E-6018-4535-875F-400F789F3644', '3BBF0AF3-7F8F-49F0-90C1-EC91DBBDF2E1'),
	('C403B0EF-CB30-4CB7-8F57-F4A488BED9B5', '180C3802-A27A-4C7F-B60F-ED73F6E46F1F', '278AA19B-44A9-4282-8D8B-9AE4A16B462F'),
	('BBB56EB1-20E2-4FE1-B0F1-E6C2A5484ED0', '1A73B05D-9A98-4C6E-9C06-4BDA1946D810', 'E551B104-A0B0-42A6-9941-EFF8B005E549'),
	('682B16A1-1AF0-404D-86AB-2FE77B782AB9', '1B3467D2-FE1F-4D5B-BE45-0C4A49C3E177', '3BBF0AF3-7F8F-49F0-90C1-EC91DBBDF2E1'),
	('AFE55643-7145-4CF0-ABC4-060CDCE1073B', '2C986587-F74C-4F43-9013-6F9D28FAD74C', 'E551B104-A0B0-42A6-9941-EFF8B005E549'),
	('0F29D6A1-3DBD-4D03-8227-85CB3FE3F4F9', '3158A0E1-F7A2-42C1-85A1-8F29E9294B6A', '7505CC85-23CA-4538-84CC-D13CB5FED5A3'),
	('A2AC05BE-9EB7-4DC2-8AA2-78D7C7B9822C', '31D9C4D4-934D-4E28-B64D-FC8A9A95B69B', 'B59331CE-F435-4589-A158-2D561145082D'),
	('FCDEC72A-A178-4430-86A1-D70FCF3E046D', '356FEF3B-5D82-44A5-9C8E-B0E6BC46D91C', 'A7576A23-EEAA-435D-8D0B-E5670913F26B'),
	('742541AD-8B95-4074-8364-BBE68C84B866', '3BB234F4-C78B-4C32-90B0-394C7A8F9A92', '3BBF0AF3-7F8F-49F0-90C1-EC91DBBDF2E1'),
	('2BBC4014-58A2-415F-805F-C20A585D12F8', '3C4D2B4F-7261-4E7E-90C6-16F054597B8C', '7505CC85-23CA-4538-84CC-D13CB5FED5A3'),
	('74CFA037-4567-4CF3-A5A2-A49522A13BE2', '3E8D6F90-8063-487D-A402-F9BC9FCD632D', 'A7576A23-EEAA-435D-8D0B-E5670913F26B'),
	('B0B045B2-BCD7-4168-8CCE-4E7108065BA3', '48F55F13-280D-4AB7-BBD2-3F1F907157E0', 'E551B104-A0B0-42A6-9941-EFF8B005E549'),
	('A38B6343-F475-4094-8E07-74C0D9FAA35F', '4A4B913A-6F93-4A96-BCA9-242051E7C54F', 'E551B104-A0B0-42A6-9941-EFF8B005E549'),
	('9037C17D-B60A-4B24-8B0B-E4B020A387CB', '4AD61832-32F7-46D9-B18F-328E6FB9022A', '278AA19B-44A9-4282-8D8B-9AE4A16B462F'),
	('CB2DA2FB-F550-4DDE-9203-CFC36DBB0CE7', '5542B417-B799-4178-8A1A-19320A1C92D0', '135BAC11-6DBA-4561-981A-9A32AF7A3974'),
	('EC333984-B567-42A5-8B86-692678E8C725', '56390529-287F-47B6-BD79-FD557F12D9F0', '7505CC85-23CA-4538-84CC-D13CB5FED5A3'),
	('C413BAB7-5BDB-4984-A6B8-A07C7685F195', '58D48912-5245-4F35-888C-DF9DCC8F7C73', '135BAC11-6DBA-4561-981A-9A32AF7A3974'),
	('8258EAE3-9330-4716-84F7-B81A715D68A5', '59725913-A9F5-4F18-A585-BC177B1F30E2', '160175F1-F38F-4436-9D61-0A9F3D144D07'),
	('92ECA75C-2E0D-4345-BFF1-69B938278285', '5BC0D3F6-7A8B-4D64-9158-4136A208F2EC', '160175F1-F38F-4436-9D61-0A9F3D144D07'),
	('7AB36087-454C-4C2B-8FD6-B5FC9D039312', '6882439E-94C2-46D7-8526-3C014AD29D6F', 'B59331CE-F435-4589-A158-2D561145082D'),
	('2FA8141F-25C1-4397-811A-94F0CA089A00', '759B456F-57F0-4592-81F0-B24B35ED6C4D', '135BAC11-6DBA-4561-981A-9A32AF7A3974'),
	('D72AB33C-7CE7-4FE3-B190-BD12CEA02979', '7E15881D-243B-49EB-8A80-EB7445F90982', '160175F1-F38F-4436-9D61-0A9F3D144D07'),
	('CCB89646-D9B1-426B-A70E-87920D5DC132', '86C89165-9CD2-4B2D-91CB-8D19731DC5C1', '135BAC11-6DBA-4561-981A-9A32AF7A3974'),
	('C41F7824-7FAF-4C01-9BA4-967EE0AF04E3', '8B4B7D30-CBC0-4601-90EE-75B2E6A2740D', '278AA19B-44A9-4282-8D8B-9AE4A16B462F'),
	('A5B06B34-6B01-49D6-8F6F-50D1B43A9C2C', '8B6157DF-1330-492A-A410-5A599DF91694', '7505CC85-23CA-4538-84CC-D13CB5FED5A3'),
	('1E9E0358-27D9-4719-B1CD-824C06C0EFDF', '9182F4F7-4B37-48A1-AB35-372A63498A60', 'E551B104-A0B0-42A6-9941-EFF8B005E549'),
	('FB6C8817-EA02-47A0-BD81-8F8009B6AF4C', '91E8C61D-4B12-4C29-9A2E-F35F23469E78', 'A7576A23-EEAA-435D-8D0B-E5670913F26B'),
	('C4E24639-7EBF-4E3F-83E7-918FBA1A3C37', '99F9ECF1-1BE3-4B9D-8351-46BCE8E8974F', '51B6C680-EFBC-4AFC-B499-CDAEA034E3CA'),
	('7B636804-0564-46EE-953E-91B3AA2F1839', '9A7562FE-5123-4A98-A57B-535B2E64C944', '7505CC85-23CA-4538-84CC-D13CB5FED5A3'),
	('885BC15A-A3A8-4A51-9DE1-87956619AF0A', '9EC8F3D2-195C-4891-A268-1D7D0910ACAC', '160175F1-F38F-4436-9D61-0A9F3D144D07'),
	('419E0A2C-4001-499D-81D6-4E1E9518846D', 'A37E99F0-65D7-4B88-B62B-C925C6D0BFD8', 'A7576A23-EEAA-435D-8D0B-E5670913F26B'),
	('003FFBA0-E0AF-4BB3-8CED-282ABD7D1992', 'A5440ED5-2D12-4D8A-820A-4F87E2B77F71', 'B59331CE-F435-4589-A158-2D561145082D'),
	('1E6D18CD-3E72-4A02-B844-1D2D2E1FE7C3', 'A90273A7-6CC8-4F37-90C9-9D7F3A338679', '135BAC11-6DBA-4561-981A-9A32AF7A3974'),
	('68FF783D-6319-4052-835C-E5E0E9D56A7F', 'B9DB4F78-738A-4A44-87DB-2FEAFB2D28E4', '278AA19B-44A9-4282-8D8B-9AE4A16B462F'),
	('6672002C-D3B4-4252-8E49-AC79091B3E3E', 'C0359119-FD36-42D0-B426-9E029EB1A58F', 'B59331CE-F435-4589-A158-2D561145082D'),
	('38A07CB8-7E65-41AF-8195-FE100D6065D0', 'C25B9B84-8D52-49F3-92D4-7AB9A53F9D7F', '160175F1-F38F-4436-9D61-0A9F3D144D07'),
	('E656A3F3-B13C-4B6B-8020-7582609939E2', 'C2895406-6B4B-47B1-9741-D6E23132F16D', '278AA19B-44A9-4282-8D8B-9AE4A16B462F'),
	('57B708C9-EC87-46CF-90B7-AC8DD98D046B', 'C2F9F828-9B82-4C87-A1E1-BC7D8910CE77', 'A7576A23-EEAA-435D-8D0B-E5670913F26B'),
	('6FF38ECF-23AA-4D45-96AD-F0A3552A10F7', 'C42993A7-5E71-4766-9F56-BC9A1FEF078A', '7505CC85-23CA-4538-84CC-D13CB5FED5A3'),
	('5035090E-5E0F-462D-A298-AABFE1C14470', 'C4D5E0B4-4863-4230-A9DA-AC125301A6F4', '7505CC85-23CA-4538-84CC-D13CB5FED5A3'),
	('BC71800F-C102-4C19-9075-93EBFE99F6AF', 'C8D82F78-ED1C-4C0F-B0B2-FDB9A263A6D0', '3BBF0AF3-7F8F-49F0-90C1-EC91DBBDF2E1'),
	('5850B255-4ACD-4100-9C72-6AE47536C0F1', 'C9A4E3D5-9D2B-413D-90A3-A1C9F123CE93', '135BAC11-6DBA-4561-981A-9A32AF7A3974'),
	('021C61B9-0743-4A6F-8A43-14A44A05D128', 'C9D32A35-4CB9-4322-B2AC-A1F4B96AC2F6', 'E551B104-A0B0-42A6-9941-EFF8B005E549'),
	('249C58CD-1464-4985-B8F7-0ECA48DC45D1', 'D44B0E1D-FEF3-4D31-888D-27840E42B81B', '278AA19B-44A9-4282-8D8B-9AE4A16B462F'),
	('B86F1DE6-03E6-47E5-A557-12B216DA5646', 'D74B6E30-2126-41E5-B5C0-89029E61F018', '51B6C680-EFBC-4AFC-B499-CDAEA034E3CA'),
	('E24461C9-BDE9-424B-BF60-73895DCF9B25', 'D80C2C1C-5F28-4B70-A124-B4A0B8EC8B25', 'E551B104-A0B0-42A6-9941-EFF8B005E549'),
	('0922D39D-307B-45AB-9FC1-2757751A16C9', 'D819A2FB-97A7-4790-9D2D-7FB13B7473F3', 'A7576A23-EEAA-435D-8D0B-E5670913F26B'),
	('EABDD8FD-E571-450C-9857-7A6C0433CA38', 'D83AC3E0-439A-4D2B-9A24-FEFAC15E8AC8', '160175F1-F38F-4436-9D61-0A9F3D144D07'),
	('ADF05445-EE0F-4935-AFFF-5EF26C3B300C', 'D9A33234-B276-4009-9140-A6B6B78E59EE', '160175F1-F38F-4436-9D61-0A9F3D144D07'),
	('4607716C-C743-4628-8479-68C360BEA250', 'EB178E82-5D8B-4ED5-9D1C-49094F2DBD40', '160175F1-F38F-4436-9D61-0A9F3D144D07'),
	('F0902679-0E2B-4885-BAE1-1A727B4874E1', 'F1D53E8C-1702-475F-B6AE-4D06F6D55B11', '160175F1-F38F-4436-9D61-0A9F3D144D07'),
	('4929E775-6C21-4B09-89CF-4148C9B5B375', 'F8FB7C1F-B2B0-4F34-8B5E-5D1B88F25B13', '7505CC85-23CA-4538-84CC-D13CB5FED5A3'),
	('5A12CC98-6CBA-4491-BE40-DDC679705A67', 'F98DE71B-C443-4B8B-B1B1-B2F3E746C4C3', '3BBF0AF3-7F8F-49F0-90C1-EC91DBBDF2E1'),
	('FCBF2630-1198-49E6-9E13-3E5918590DE0', 'FD820A79-3E28-4F19-8B57-B80E349C4E2C', '51B6C680-EFBC-4AFC-B499-CDAEA034E3CA');

-- UsedMemberBenefits Table Inserts
INSERT INTO UsedMemberBenefits(usedMemberBenefitsId, memberId, memberBenefitsId)
VALUES
	-- Sahil
    ('DA999CC4-FE65-47F4-A184-CEB0631436E8', 'D72AB33C-7CE7-4FE3-B190-BD12CEA02979', 'F6C91F15-5B64-4AC6-9BCC-2A73D1F5D61D'),
	('D4B376BF-37A4-49A6-94CE-F841461BF32D', 'D72AB33C-7CE7-4FE3-B190-BD12CEA02979', 'FC803E66-F951-4614-A503-0072D7E43E27'),
	('5AD94D46-7F56-4259-BA4F-A6A33D205D53', 'D72AB33C-7CE7-4FE3-B190-BD12CEA02979', '92667BAE-6738-420F-952F-32B28DB8A3BD'),
	-- Kai
    ('404A3AAC-E582-4A19-AF9E-D856689C4E12', 'CCB89646-D9B1-426B-A70E-87920D5DC132', '4D58EEC5-92D5-4A38-A5BB-BA6967DA1033'),
	('C6276D24-93B3-45C2-83D5-9391CBA2C8D3', 'CCB89646-D9B1-426B-A70E-87920D5DC132', 'FC803E66-F951-4614-A503-0072D7E43E27'),
	('A331F0C8-1F3B-4A61-8C4C-0C37F7D95665', 'CCB89646-D9B1-426B-A70E-87920D5DC132', 'A198779D-7284-48EF-9A94-D7F67B82E7E4'),
	-- Sam
    ('21A657AC-4AB5-45B7-B851-5263D8892176', 'C403B0EF-CB30-4CB7-8F57-F4A488BED9B5', '4D58EEC5-92D5-4A38-A5BB-BA6967DA1033'),
	('C2725E1A-EF59-43BE-9FD9-20C2FB422157', 'C403B0EF-CB30-4CB7-8F57-F4A488BED9B5', 'A198779D-7284-48EF-9A94-D7F67B82E7E4'),
	-- Jordan
    ('B5D0093C-9202-4670-BF0D-1C7F1F830F1A', 'A5B06B34-6B01-49D6-8F6F-50D1B43A9C2C', '42BC41E5-B934-4BF4-A5CB-4151DBA0BC63'),
	('ED4CB1AB-6FB5-45AA-BDD1-3023F9813F02', 'A5B06B34-6B01-49D6-8F6F-50D1B43A9C2C', '208922D7-5BBB-4B4C-A7CF-B095ABD2CC18'),
	('5F1F2660-EC1F-44E6-9309-0B57492F587D', 'A5B06B34-6B01-49D6-8F6F-50D1B43A9C2C', '19453026-4D9D-421C-AAA6-4EFCE1E02100'),
	('9419932A-F3C1-49EA-B25C-BEFAA7F6E127', 'A5B06B34-6B01-49D6-8F6F-50D1B43A9C2C', 'A222DA79-C9AB-4EBC-8EBA-2F325C59C6F0');

SELECT * FROM Users
SELECT * FROM ChatLogs
SELECT * FROM VisitorLog
SELECT * FROM IntrestTag
SELECT * FROM Event
SELECT * FROM UserEvents
SELECT * FROM DigitalContentModule
SELECT * FROM UserDigitalContentModule
SELECT * FROM UserTag

SELECT * FROM Admin
SELECT * FROM AdminRequests

SELECT * FROM MembershipType
SELECT * FROM MemberBenefits
SELECT * FROM MembershipTypeBenefits
SELECT * FROM KeyIntrest
SELECT * FROM Member
SELECT * FROM UsedMemberBenefits
SELECT * FROM MemberKeyIntrest

/*
-- Drop the tables in reverse order to ensure foreign key dependencies are handled
DROP TABLE IF EXISTS MemberKeyIntrest;
DROP TABLE IF EXISTS UsedMemberBenefits;
DROP TABLE IF EXISTS Member;
DROP TABLE IF EXISTS MembershipTypeBenefits;
DROP TABLE IF EXISTS MemberBenefits;
DROP TABLE IF EXISTS KeyIntrest;
DROP TABLE IF EXISTS AdminRequests;
DROP TABLE IF EXISTS Admin;
DROP TABLE IF EXISTS UserTag;
DROP TABLE IF EXISTS UserDigitalContentModule;
DROP TABLE IF EXISTS DigitalContentModule;
DROP TABLE IF EXISTS UserEvents;
DROP TABLE IF EXISTS Event;
DROP TABLE IF EXISTS VisitorLog;
DROP TABLE IF EXISTS ChatLogs;
DROP TABLE IF EXISTS Users;
DROP TABLE IF EXISTS IntrestTag;
DROP TABLE IF EXISTS MembershipType;*/